Workbook

Sheet บันทึกรายเที่ยว
A1: แบบฟอร์มรายงานการขนส่งรายเที่ยว (Template มาตรฐาน v11)
A2: ใส่ข้อมูลตั้งแต่แถวที่ 6 ลงไป กรอกถึงแค่คอลัมน์ K (นน.ปลายทาง) พอ — คอลัมน์ L (ส่วนต่าง) และ M (จ่ายค่าบรรทุก) เป็นสูตร ระบบคิดให้เอง ห้ามพิมพ์ทับ | ถ้าก๊อปมาวาง ให้วางแค่ช่วง A ถึง K และใช้ คลิกขวา > วางแบบพิเศษ > ค่า (Paste Values) เพื่อไม่ให้ทับสูตรและ dropdown ที่ตั้งไว้ | วางเสร็จดูช่อง O10 "ชื่อที่ไม่อยู่ในรายการ" ต้องเป็น 0
A3: ประจำเดือน: | B3: กรกฎาคม 2569 | C3: เลขที่หนังสือ: | E3: นามที่จ่าย (เล่มนี้): | F3: ศิลาชัย
A4: ขั้นตอน: [เหมือง] กรอกหน้านี้ให้ครบ > ดูช่องเตือน O11 ต้องขึ้นว่า ปกติ > เปิด sheet "สรุปเหมือง" ตรวจให้ถูกต้อง (ช่อง I10 ต้องขึ้นว่า ยอดตรงกับรายเที่ยว) แล้วจึงส่งไฟล์ให้ฝ่ายบัญชี | [บัญชี] กรอก sheet "oil" + "อัตราค่าขนส่ง" แล้วตรวจ sheet "สรุปจ่ายรถร่วม" อีกครั้งก่อนพิมพ์ปะหน้า (หน้า oil เป็นของฝ่ายบัญชี เหมืองไม่ต้องกรอก) | N4: ช่องตรวจทาน (ห้ามลบ)
A5: วันที่ | B5: เหมืองต้นทาง | C5: ท่าปลายทาง | D5: ชนิดแร่/หิน | E5: แบก นน. | F5: ทีมรถร่วม | G5: นามที่จ่าย | H5: ทะเบียนรถ | I5: เลขที่ชั่ง | J5: นน.ต้นทาง (ตัน) | K5: นน.ปลายทาง (ตัน) | L5: นน.ส่วนต่าง (ตัน) | M5: นน.จ่ายค่าบรรทุก (ตัน) | N5: จำนวนเที่ยวที่กรอก | O5: =COUNTA($A$6:$A$10005) -> 0 | Q5: stoneLbl | R5: route | S5: key2 | T5: key3 | U5: rtb | V5: accKey | W5: seq3 | X5: 0 | Y5: - | Z5: seqAcc | AA5: 0
L6: =IF(OR($A6="",AND($J6="",$K6="")),"",ROUND(N($J6)-N($K6),2)) | M6: =IF(OR($A6="",AND($J6="",$K6="")),"",MIN($J6,$K6)) | N6: รวม นน.จ่ายค่าบรรทุก (ตัน) | O6: =ROUND(SUM($M$6:$M$10005),2) -> 0 | Q6: =IF($A6="","",$D6&"("&SUBSTITUTE($E6," ","")&")") | R6: =IF($A6="","",$B6&" - "&$C6) | S6: =IF($A6="","",$R6&"|"&$Q6) | T6: =IF($A6="","",$S6&"|"&$F6) | U6: =IF($A6="","",$R6&"("&$E6&")") | V6: =IF($A6="","",$F6&"|"&$U6&"|"&$D6) | W6: =IF($T6="","",IF($X6>N($X5),$X6,"")) | X6: =IF($T6="",N($X5),IF(MATCH($T6,$T$6:$T$10005,0)=ROW()-5,N($X5)+1,N($X5))) -> 0 | Z6: =IF($V6="","",IF($AA6>N($AA5),$AA6,"")) | AA6: =IF($V6="",N($AA5),IF(MATCH($V6,$V$6:$V$10005,0)=ROW()-5,N($AA5)+1,N($AA5))) -> 0
L7: =IF(OR($A7="",AND($J7="",$K7="")),"",ROUND(N($J7)-N($K7),2)) | M7: =IF(OR($A7="",AND($J7="",$K7="")),"",MIN($J7,$K7)) | N7: แถวที่กรอกไม่ครบ | O7: =SUMPRODUCT(--($A$6:$A$10005<>""),--((($B$6:$B$10005="")+($C$6:$C$10005="")+($D$6:$D$10005="")+($E$6:$E$10005="")+($F$6:$F$10005="")+($G$6:$G$10005="")+($M$6:$M$10005=""))>0)) -> 0 | Q7: =IF($A7="","",$D7&"("&SUBSTITUTE($E7," ","")&")") | R7: =IF($A7="","",$B7&" - "&$C7) | S7: =IF($A7="","",$R7&"|"&$Q7) | T7: =IF($A7="","",$S7&"|"&$F7) | U7: =IF($A7="","",$R7&"("&$E7&")") | V7: =IF($A7="","",$F7&"|"&$U7&"|"&$D7) | W7: =IF($T7="","",IF($X7>N($X6),$X7,"")) | X7: =IF($T7="",N($X6),IF(MATCH($T7,$T$6:$T$10005,0)=ROW()-5,N($X6)+1,N($X6))) -> 0 | Z7: =IF($V7="","",IF($AA7>N($AA6),$AA7,"")) | AA7: =IF($V7="",N($AA6),IF(MATCH($V7,$V$6:$V$10005,0)=ROW()-5,N($AA6)+1,N($AA6))) -> 0
L8: =IF(OR($A8="",AND($J8="",$K8="")),"",ROUND(N($J8)-N($K8),2)) | M8: =IF(OR($A8="",AND($J8="",$K8="")),"",MIN($J8,$K8)) | N8: จำนวนกลุ่ม หน้าสรุปเหมือง | O8: =N($X$10005) -> 0 | Q8: =IF($A8="","",$D8&"("&SUBSTITUTE($E8," ","")&")") | R8: =IF($A8="","",$B8&" - "&$C8) | S8: =IF($A8="","",$R8&"|"&$Q8) | T8: =IF($A8="","",$S8&"|"&$F8) | U8: =IF($A8="","",$R8&"("&$E8&")") | V8: =IF($A8="","",$F8&"|"&$U8&"|"&$D8) | W8: =IF($T8="","",IF($X8>N($X7),$X8,"")) | X8: =IF($T8="",N($X7),IF(MATCH($T8,$T$6:$T$10005,0)=ROW()-5,N($X7)+1,N($X7))) -> 0 | Z8: =IF($V8="","",IF($AA8>N($AA7),$AA8,"")) | AA8: =IF($V8="",N($AA7),IF(MATCH($V8,$V$6:$V$10005,0)=ROW()-5,N($AA7)+1,N($AA7))) -> 0
L9: =IF(OR($A9="",AND($J9="",$K9="")),"",ROUND(N($J9)-N($K9),2)) | M9: =IF(OR($A9="",AND($J9="",$K9="")),"",MIN($J9,$K9)) | N9: จำนวนกลุ่ม หน้าสรุปบัญชี | O9: =N($AA$10005) -> 0 | Q9: =IF($A9="","",$D9&"("&SUBSTITUTE($E9," ","")&")") | R9: =IF($A9="","",$B9&" - "&$C9) | S9: =IF($A9="","",$R9&"|"&$Q9) | T9: =IF($A9="","",$S9&"|"&$F9) | U9: =IF($A9="","",$R9&"("&$E9&")") | V9: =IF($A9="","",$F9&"|"&$U9&"|"&$D9) | W9: =IF($T9="","",IF($X9>N($X8),$X9,"")) | X9: =IF($T9="",N($X8),IF(MATCH($T9,$T$6:$T$10005,0)=ROW()-5,N($X8)+1,N($X8))) -> 0 | Z9: =IF($V9="","",IF($AA9>N($AA8),$AA9,"")) | AA9: =IF($V9="",N($AA8),IF(MATCH($V9,$V$6:$V$10005,0)=ROW()-5,N($AA8)+1,N($AA8))) -> 0
L10: =IF(OR($A10="",AND($J10="",$K10="")),"",ROUND(N($J10)-N($K10),2)) | M10: =IF(OR($A10="",AND($J10="",$K10="")),"",MIN($J10,$K10)) | N10: ชื่อที่ไม่อยู่ในรายการ (เช็คการวางทับ) | O10: =SUMPRODUCT(--($B$6:$B$10005<>""),--(COUNTIF(รายการมาตรฐาน!$B$2:$B$302,$B$6:$B$10005)=0))+SUMPRODUCT(--($C$6:$C$10005<>""),--(COUNTIF(รายการมาตรฐาน!$C$2:$C$302,$C$6:$C$10005)=0))+SUMPRODUCT(--($D$6:$D$10005<>""),--(COUNTIF(รายการมาตรฐาน!$D$2:$D$302,$D$6:$D$10005)=0))+SUMPRODUCT(--($E$6:$E$10005<>""),--(COUNTIF(รายการมาตรฐาน!$E$2:$E$302,$E$6:$E$10005)=0))+SUMPRODUCT(--($F$6:$F$10005<>""),--(COUNTIF(รายการมาตรฐาน!$F$2:$F$302,$F$6:$F$10005)=0))+SUMPRODUCT(--($G$6:$G$10005<>""),--(COUNTIF(รายการมาตรฐาน!$A$2:$A$302,$G$6:$G$10005)=0)) -> 0 | Q10: =IF($A10="","",$D10&"("&SUBSTITUTE($E10," ","")&")") | R10: =IF($A10="","",$B10&" - "&$C10) | S10: =IF($A10="","",$R10&"|"&$Q10) | T10: =IF($A10="","",$S10&"|"&$F10) | U10: =IF($A10="","",$R10&"("&$E10&")") | V10: =IF($A10="","",$F10&"|"&$U10&"|"&$D10) | W10: =IF($T10="","",IF($X10>N($X9),$X10,"")) | X10: =IF($T10="",N($X9),IF(MATCH($T10,$T$6:$T$10005,0)=ROW()-5,N($X9)+1,N($X9))) -> 0 | Z10: =IF($V10="","",IF($AA10>N($AA9),$AA10,"")) | AA10: =IF($V10="",N($AA9),IF(MATCH($V10,$V$6:$V$10005,0)=ROW()-5,N($AA9)+1,N($AA9))) -> 0
L11: =IF(OR($A11="",AND($J11="",$K11="")),"",ROUND(N($J11)-N($K11),2)) | M11: =IF(OR($A11="",AND($J11="",$K11="")),"",MIN($J11,$K11)) | N11: เตือน | O11: =IF($O$10>0,"*** มีชื่อที่ไม่อยู่ในรายการ — น่าจะเกิดจากการวางทับ ***",IF(OR($O$8>400,$O$9>400),"*** กลุ่มเกิน 400 — แยกไฟล์ ***",IF($O$7>0,"*** มีแถวกรอกไม่ครบ ***","ปกติ"))) -> ปกติ | Q11: =IF($A11="","",$D11&"("&SUBSTITUTE($E11," ","")&")") | R11: =IF($A11="","",$B11&" - "&$C11) | S11: =IF($A11="","",$R11&"|"&$Q11) | T11: =IF($A11="","",$S11&"|"&$F11) | U11: =IF($A11="","",$R11&"("&$E11&")") | V11: =IF($A11="","",$F11&"|"&$U11&"|"&$D11) | W11: =IF($T11="","",IF($X11>N($X10),$X11,"")) | X11: =IF($T11="",N($X10),IF(MATCH($T11,$T$6:$T$10005,0)=ROW()-5,N($X10)+1,N($X10))) -> 0 | Z11: =IF($V11="","",IF($AA11>N($AA10),$AA11,"")) | AA11: =IF($V11="",N($AA10),IF(MATCH($V11,$V$6:$V$10005,0)=ROW()-5,N($AA10)+1,N($AA10))) -> 0
L12: =IF(OR($A12="",AND($J12="",$K12="")),"",ROUND(N($J12)-N($K12),2)) | M12: =IF(OR($A12="",AND($J12="",$K12="")),"",MIN($J12,$K12)) | Q12: =IF($A12="","",$D12&"("&SUBSTITUTE($E12," ","")&")") | R12: =IF($A12="","",$B12&" - "&$C12) | S12: =IF($A12="","",$R12&"|"&$Q12) | T12: =IF($A12="","",$S12&"|"&$F12) | U12: =IF($A12="","",$R12&"("&$E12&")") | V12: =IF($A12="","",$F12&"|"&$U12&"|"&$D12) | W12: =IF($T12="","",IF($X12>N($X11),$X12,"")) | X12: =IF($T12="",N($X11),IF(MATCH($T12,$T$6:$T$10005,0)=ROW()-5,N($X11)+1,N($X11))) -> 0 | Z12: =IF($V12="","",IF($AA12>N($AA11),$AA12,"")) | AA12: =IF($V12="",N($AA11),IF(MATCH($V12,$V$6:$V$10005,0)=ROW()-5,N($AA11)+1,N($AA11))) -> 0
L13: =IF(OR($A13="",AND($J13="",$K13="")),"",ROUND(N($J13)-N($K13),2)) | M13: =IF(OR($A13="",AND($J13="",$K13="")),"",MIN($J13,$K13)) | Q13: =IF($A13="","",$D13&"("&SUBSTITUTE($E13," ","")&")") | R13: =IF($A13="","",$B13&" - "&$C13) | S13: =IF($A13="","",$R13&"|"&$Q13) | T13: =IF($A13="","",$S13&"|"&$F13) | U13: =IF($A13="","",$R13&"("&$E13&")") | V13: =IF($A13="","",$F13&"|"&$U13&"|"&$D13) | W13: =IF($T13="","",IF($X13>N($X12),$X13,"")) | X13: =IF($T13="",N($X12),IF(MATCH($T13,$T$6:$T$10005,0)=ROW()-5,N($X12)+1,N($X12))) -> 0 | Z13: =IF($V13="","",IF($AA13>N($AA12),$AA13,"")) | AA13: =IF($V13="",N($AA12),IF(MATCH($V13,$V$6:$V$10005,0)=ROW()-5,N($AA12)+1,N($AA12))) -> 0
L14: =IF(OR($A14="",AND($J14="",$K14="")),"",ROUND(N($J14)-N($K14),2)) | M14: =IF(OR($A14="",AND($J14="",$K14="")),"",MIN($J14,$K14)) | Q14: =IF($A14="","",$D14&"("&SUBSTITUTE($E14," ","")&")") | R14: =IF($A14="","",$B14&" - "&$C14) | S14: =IF($A14="","",$R14&"|"&$Q14) | T14: =IF($A14="","",$S14&"|"&$F14) | U14: =IF($A14="","",$R14&"("&$E14&")") | V14: =IF($A14="","",$F14&"|"&$U14&"|"&$D14) | W14: =IF($T14="","",IF($X14>N($X13),$X14,"")) | X14: =IF($T14="",N($X13),IF(MATCH($T14,$T$6:$T$10005,0)=ROW()-5,N($X13)+1,N($X13))) -> 0 | Z14: =IF($V14="","",IF($AA14>N($AA13),$AA14,"")) | AA14: =IF($V14="",N($AA13),IF(MATCH($V14,$V$6:$V$10005,0)=ROW()-5,N($AA13)+1,N($AA13))) -> 0
L15: =IF(OR($A15="",AND($J15="",$K15="")),"",ROUND(N($J15)-N($K15),2)) | M15: =IF(OR($A15="",AND($J15="",$K15="")),"",MIN($J15,$K15)) | Q15: =IF($A15="","",$D15&"("&SUBSTITUTE($E15," ","")&")") | R15: =IF($A15="","",$B15&" - "&$C15) | S15: =IF($A15="","",$R15&"|"&$Q15) | T15: =IF($A15="","",$S15&"|"&$F15) | U15: =IF($A15="","",$R15&"("&$E15&")") | V15: =IF($A15="","",$F15&"|"&$U15&"|"&$D15) | W15: =IF($T15="","",IF($X15>N($X14),$X15,"")) | X15: =IF($T15="",N($X14),IF(MATCH($T15,$T$6:$T$10005,0)=ROW()-5,N($X14)+1,N($X14))) -> 0 | Z15: =IF($V15="","",IF($AA15>N($AA14),$AA15,"")) | AA15: =IF($V15="",N($AA14),IF(MATCH($V15,$V$6:$V$10005,0)=ROW()-5,N($AA14)+1,N($AA14))) -> 0
L16: =IF(OR($A16="",AND($J16="",$K16="")),"",ROUND(N($J16)-N($K16),2)) | M16: =IF(OR($A16="",AND($J16="",$K16="")),"",MIN($J16,$K16)) | Q16: =IF($A16="","",$D16&"("&SUBSTITUTE($E16," ","")&")") | R16: =IF($A16="","",$B16&" - "&$C16) | S16: =IF($A16="","",$R16&"|"&$Q16) | T16: =IF($A16="","",$S16&"|"&$F16) | U16: =IF($A16="","",$R16&"("&$E16&")") | V16: =IF($A16="","",$F16&"|"&$U16&"|"&$D16) | W16: =IF($T16="","",IF($X16>N($X15),$X16,"")) | X16: =IF($T16="",N($X15),IF(MATCH($T16,$T$6:$T$10005,0)=ROW()-5,N($X15)+1,N($X15))) -> 0 | Z16: =IF($V16="","",IF($AA16>N($AA15),$AA16,"")) | AA16: =IF($V16="",N($AA15),IF(MATCH($V16,$V$6:$V$10005,0)=ROW()-5,N($AA15)+1,N($AA15))) -> 0
L17: =IF(OR($A17="",AND($J17="",$K17="")),"",ROUND(N($J17)-N($K17),2)) | M17: =IF(OR($A17="",AND($J17="",$K17="")),"",MIN($J17,$K17)) | Q17: =IF($A17="","",$D17&"("&SUBSTITUTE($E17," ","")&")") | R17: =IF($A17="","",$B17&" - "&$C17) | S17: =IF($A17="","",$R17&"|"&$Q17) | T17: =IF($A17="","",$S17&"|"&$F17) | U17: =IF($A17="","",$R17&"("&$E17&")") | V17: =IF($A17="","",$F17&"|"&$U17&"|"&$D17) | W17: =IF($T17="","",IF($X17>N($X16),$X17,"")) | X17: =IF($T17="",N($X16),IF(MATCH($T17,$T$6:$T$10005,0)=ROW()-5,N($X16)+1,N($X16))) -> 0 | Z17: =IF($V17="","",IF($AA17>N($AA16),$AA17,"")) | AA17: =IF($V17="",N($AA16),IF(MATCH($V17,$V$6:$V$10005,0)=ROW()-5,N($AA16)+1,N($AA16))) -> 0
L18: =IF(OR($A18="",AND($J18="",$K18="")),"",ROUND(N($J18)-N($K18),2)) | M18: =IF(OR($A18="",AND($J18="",$K18="")),"",MIN($J18,$K18)) | Q18: =IF($A18="","",$D18&"("&SUBSTITUTE($E18," ","")&")") | R18: =IF($A18="","",$B18&" - "&$C18) | S18: =IF($A18="","",$R18&"|"&$Q18) | T18: =IF($A18="","",$S18&"|"&$F18) | U18: =IF($A18="","",$R18&"("&$E18&")") | V18: =IF($A18="","",$F18&"|"&$U18&"|"&$D18) | W18: =IF($T18="","",IF($X18>N($X17),$X18,"")) | X18: =IF($T18="",N($X17),IF(MATCH($T18,$T$6:$T$10005,0)=ROW()-5,N($X17)+1,N($X17))) -> 0 | Z18: =IF($V18="","",IF($AA18>N($AA17),$AA18,"")) | AA18: =IF($V18="",N($AA17),IF(MATCH($V18,$V$6:$V$10005,0)=ROW()-5,N($AA17)+1,N($AA17))) -> 0
L19: =IF(OR($A19="",AND($J19="",$K19="")),"",ROUND(N($J19)-N($K19),2)) | M19: =IF(OR($A19="",AND($J19="",$K19="")),"",MIN($J19,$K19)) | Q19: =IF($A19="","",$D19&"("&SUBSTITUTE($E19," ","")&")") | R19: =IF($A19="","",$B19&" - "&$C19) | S19: =IF($A19="","",$R19&"|"&$Q19) | T19: =IF($A19="","",$S19&"|"&$F19) | U19: =IF($A19="","",$R19&"("&$E19&")") | V19: =IF($A19="","",$F19&"|"&$U19&"|"&$D19) | W19: =IF($T19="","",IF($X19>N($X18),$X19,"")) | X19: =IF($T19="",N($X18),IF(MATCH($T19,$T$6:$T$10005,0)=ROW()-5,N($X18)+1,N($X18))) -> 0 | Z19: =IF($V19="","",IF($AA19>N($AA18),$AA19,"")) | AA19: =IF($V19="",N($AA18),IF(MATCH($V19,$V$6:$V$10005,0)=ROW()-5,N($AA18)+1,N($AA18))) -> 0
L20: =IF(OR($A20="",AND($J20="",$K20="")),"",ROUND(N($J20)-N($K20),2)) | M20: =IF(OR($A20="",AND($J20="",$K20="")),"",MIN($J20,$K20)) | Q20: =IF($A20="","",$D20&"("&SUBSTITUTE($E20," ","")&")") | R20: =IF($A20="","",$B20&" - "&$C20) | S20: =IF($A20="","",$R20&"|"&$Q20) | T20: =IF($A20="","",$S20&"|"&$F20) | U20: =IF($A20="","",$R20&"("&$E20&")") | V20: =IF($A20="","",$F20&"|"&$U20&"|"&$D20) | W20: =IF($T20="","",IF($X20>N($X19),$X20,"")) | X20: =IF($T20="",N($X19),IF(MATCH($T20,$T$6:$T$10005,0)=ROW()-5,N($X19)+1,N($X19))) -> 0 | Z20: =IF($V20="","",IF($AA20>N($AA19),$AA20,"")) | AA20: =IF($V20="",N($AA19),IF(MATCH($V20,$V$6:$V$10005,0)=ROW()-5,N($AA19)+1,N($AA19))) -> 0
L21: =IF(OR($A21="",AND($J21="",$K21="")),"",ROUND(N($J21)-N($K21),2)) | M21: =IF(OR($A21="",AND($J21="",$K21="")),"",MIN($J21,$K21)) | Q21: =IF($A21="","",$D21&"("&SUBSTITUTE($E21," ","")&")") | R21: =IF($A21="","",$B21&" - "&$C21) | S21: =IF($A21="","",$R21&"|"&$Q21) | T21: =IF($A21="","",$S21&"|"&$F21) | U21: =IF($A21="","",$R21&"("&$E21&")") | V21: =IF($A21="","",$F21&"|"&$U21&"|"&$D21) | W21: =IF($T21="","",IF($X21>N($X20),$X21,"")) | X21: =IF($T21="",N($X20),IF(MATCH($T21,$T$6:$T$10005,0)=ROW()-5,N($X20)+1,N($X20))) -> 0 | Z21: =IF($V21="","",IF($AA21>N($AA20),$AA21,"")) | AA21: =IF($V21="",N($AA20),IF(MATCH($V21,$V$6:$V$10005,0)=ROW()-5,N($AA20)+1,N($AA20))) -> 0
L22: =IF(OR($A22="",AND($J22="",$K22="")),"",ROUND(N($J22)-N($K22),2)) | M22: =IF(OR($A22="",AND($J22="",$K22="")),"",MIN($J22,$K22)) | Q22: =IF($A22="","",$D22&"("&SUBSTITUTE($E22," ","")&")") | R22: =IF($A22="","",$B22&" - "&$C22) | S22: =IF($A22="","",$R22&"|"&$Q22) | T22: =IF($A22="","",$S22&"|"&$F22) | U22: =IF($A22="","",$R22&"("&$E22&")") | V22: =IF($A22="","",$F22&"|"&$U22&"|"&$D22) | W22: =IF($T22="","",IF($X22>N($X21),$X22,"")) | X22: =IF($T22="",N($X21),IF(MATCH($T22,$T$6:$T$10005,0)=ROW()-5,N($X21)+1,N($X21))) -> 0 | Z22: =IF($V22="","",IF($AA22>N($AA21),$AA22,"")) | AA22: =IF($V22="",N($AA21),IF(MATCH($V22,$V$6:$V$10005,0)=ROW()-5,N($AA21)+1,N($AA21))) -> 0
L23: =IF(OR($A23="",AND($J23="",$K23="")),"",ROUND(N($J23)-N($K23),2)) | M23: =IF(OR($A23="",AND($J23="",$K23="")),"",MIN($J23,$K23)) | Q23: =IF($A23="","",$D23&"("&SUBSTITUTE($E23," ","")&")") | R23: =IF($A23="","",$B23&" - "&$C23) | S23: =IF($A23="","",$R23&"|"&$Q23) | T23: =IF($A23="","",$S23&"|"&$F23) | U23: =IF($A23="","",$R23&"("&$E23&")") | V23: =IF($A23="","",$F23&"|"&$U23&"|"&$D23) | W23: =IF($T23="","",IF($X23>N($X22),$X23,"")) | X23: =IF($T23="",N($X22),IF(MATCH($T23,$T$6:$T$10005,0)=ROW()-5,N($X22)+1,N($X22))) -> 0 | Z23: =IF($V23="","",IF($AA23>N($AA22),$AA23,"")) | AA23: =IF($V23="",N($AA22),IF(MATCH($V23,$V$6:$V$10005,0)=ROW()-5,N($AA22)+1,N($AA22))) -> 0
... L10004: =IF(OR($A10004="",AND($J10004="",$K10004="")),"",ROUND(N($J10004)-N($K10004),2)) | M10004: =IF(OR($A10004="",AND($J10004="",$K10004="")),"",MIN($J10004,$K10004)) | Q10004: =IF($A10004="","",$D10004&"("&SUBSTITUTE($E10004," ","")&")") | R10004: =IF($A10004="","",$B10004&" - "&$C10004) | S10004: =IF($A10004="","",$R10004&"|"&$Q10004) | T10004: =IF($A10004="","",$S10004&"|"&$F10004) | U10004: =IF($A10004="","",$R10004&"("&$E10004&")") | V10004: =IF($A10004="","",$F10004&"|"&$U10004&"|"&$D10004) | W10004: =IF($T10004="","",IF($X10004>N($X10003),$X10004,"")) | X10004: =IF($T10004="",N($X10003),IF(MATCH($T10004,$T$6:$T$10005,0)=ROW()-5,N($X10003)+1,N($X10003))) -> 0 | Z10004: =IF($V10004="","",IF($AA10004>N($AA10003),$AA10004,"")) | AA10004: =IF($V10004="",N($AA10003),IF(MATCH($V10004,$V$6:$V$10005,0)=ROW()-5,N($AA10003)+1,N($AA10003))) -> 0
L10005: =IF(OR($A10005="",AND($J10005="",$K10005="")),"",ROUND(N($J10005)-N($K10005),2)) | M10005: =IF(OR($A10005="",AND($J10005="",$K10005="")),"",MIN($J10005,$K10005)) | Q10005: =IF($A10005="","",$D10005&"("&SUBSTITUTE($E10005," ","")&")") | R10005: =IF($A10005="","",$B10005&" - "&$C10005) | S10005: =IF($A10005="","",$R10005&"|"&$Q10005) | T10005: =IF($A10005="","",$S10005&"|"&$F10005) | U10005: =IF($A10005="","",$R10005&"("&$E10005&")") | V10005: =IF($A10005="","",$F10005&"|"&$U10005&"|"&$D10005) | W10005: =IF($T10005="","",IF($X10005>N($X6004),$X10005,"")) | X10005: =IF($T10005="",N($X6004),IF(MATCH($T10005,$T$6:$T$10005,0)=ROW()-5,N($X6004)+1,N($X6004))) -> 0 | Z10005: =IF($V10005="","",IF($AA10005>N($AA6004),$AA10005,"")) | AA10005: =IF($V10005="",N($AA6004),IF(MATCH($V10005,$V$6:$V$10005,0)=ROW()-5,N($AA6004)+1,N($AA6004))) -> 0

Sheet oil
A1: ="ค่าใช้จ่ายของทีมรถร่วม ประจำเดือน "&บันทึกรายเที่ยว!$B$3 -> ค่าใช้จ่ายของทีมรถร่วม ประจำเดือน กรกฎาคม 2569 | AH1: ▍ ช่องตรวจสอบ (ไม่ติดไปเวลาพิมพ์)
A2: ลำดับที่ | B2: อ้างถึงหนังสือที่ | C2: (หนังสือที่ 1) | F2: (หนังสือที่ 2) | I2: (หนังสือที่ 3) | L2: (หนังสือที่ 4) | O2: (หนังสือที่ 5) | R2: (หนังสือที่ 6) | U2: (หนังสือที่ 7) | X2: (หนังสือที่ 8) | AA2: หักอื่น | AB2: หักอื่น | AC2: หักอื่น | AD2: หักอื่น | AE2: รวมทั้งสิ้น | AH2: จำนวนทีมที่กรอก | AI2: =COUNTA($B$4:$B$63) -> 0
B3: รถร่วม | C3: จำนวน (ลิตร) | D3: ราคา/ลิตร | E3: จำนวนเงิน | F3: จำนวน (ลิตร) | G3: ราคา/ลิตร | H3: จำนวนเงิน | I3: จำนวน (ลิตร) | J3: ราคา/ลิตร | K3: จำนวนเงิน | L3: จำนวน (ลิตร) | M3: ราคา/ลิตร | N3: จำนวนเงิน | O3: จำนวน (ลิตร) | P3: ราคา/ลิตร | Q3: จำนวนเงิน | R3: จำนวน (ลิตร) | S3: ราคา/ลิตร | T3: จำนวนเงิน | U3: จำนวน (ลิตร) | V3: ราคา/ลิตร | W3: จำนวนเงิน | X3: จำนวน (ลิตร) | Y3: ราคา/ลิตร | Z3: จำนวนเงิน | AA3: (รายการที่ 1) | AB3: (รายการที่ 2) | AC3: (รายการที่ 3) | AD3: (รายการที่ 4) | AH3: รวมค่าหักทั้งสิ้น | AI3: =ROUND(SUM($AE$4:$AE$63),2) -> 0
A4: =IF($B4="","",COUNTA($B$4:$B4)) | AE4: =IF($B4="","",ROUND(N($E4)+N($H4)+N($K4)+N($N4)+N($Q4)+N($T4)+N($W4)+N($Z4)+N($AA4)+N($AB4)+N($AC4)+N($AD4),2)) | AF4: =IF($B4="",0,IF(AND($C4<>"",$D4<>"",$E4<>"",ABS($C4*$D4-$E4)>1),1,0)+IF(AND($F4<>"",$G4<>"",$H4<>"",ABS($F4*$G4-$H4)>1),1,0)+IF(AND($I4<>"",$J4<>"",$K4<>"",ABS($I4*$J4-$K4)>1),1,0)+IF(AND($L4<>"",$M4<>"",$N4<>"",ABS($L4*$M4-$N4)>1),1,0)+IF(AND($O4<>"",$P4<>"",$Q4<>"",ABS($O4*$P4-$Q4)>1),1,0)+IF(AND($R4<>"",$S4<>"",$T4<>"",ABS($R4*$S4-$T4)>1),1,0)+IF(AND($U4<>"",$V4<>"",$W4<>"",ABS($U4*$V4-$W4)>1),1,0)+IF(AND($X4<>"",$Y4<>"",$Z4<>"",ABS($X4*$Y4-$Z4)>1),1,0)) -> 0 | AH4: *** ทีมที่ไม่มีในสรุปจ่ายรถร่วม *** | AI4: =SUMPRODUCT(--($B$4:$B$63<>""),--(COUNTIF(สรุปจ่ายรถร่วม!$AF$5:$AF$704,$B$4:$B$63)=0)) -> 0
A5: =IF($B5="","",COUNTA($B$4:$B5)) | AE5: =IF($B5="","",ROUND(N($E5)+N($H5)+N($K5)+N($N5)+N($Q5)+N($T5)+N($W5)+N($Z5)+N($AA5)+N($AB5)+N($AC5)+N($AD5),2)) | AF5: =IF($B5="",0,IF(AND($C5<>"",$D5<>"",$E5<>"",ABS($C5*$D5-$E5)>1),1,0)+IF(AND($F5<>"",$G5<>"",$H5<>"",ABS($F5*$G5-$H5)>1),1,0)+IF(AND($I5<>"",$J5<>"",$K5<>"",ABS($I5*$J5-$K5)>1),1,0)+IF(AND($L5<>"",$M5<>"",$N5<>"",ABS($L5*$M5-$N5)>1),1,0)+IF(AND($O5<>"",$P5<>"",$Q5<>"",ABS($O5*$P5-$Q5)>1),1,0)+IF(AND($R5<>"",$S5<>"",$T5<>"",ABS($R5*$S5-$T5)>1),1,0)+IF(AND($U5<>"",$V5<>"",$W5<>"",ABS($U5*$V5-$W5)>1),1,0)+IF(AND($X5<>"",$Y5<>"",$Z5<>"",ABS($X5*$Y5-$Z5)>1),1,0)) -> 0 | AH5: *** แถวที่ ลิตร x ราคา ไม่ตรงกับจำนวนเงิน *** | AI5: =SUM($AF$4:$AF$63) -> 0
A6: =IF($B6="","",COUNTA($B$4:$B6)) | AE6: =IF($B6="","",ROUND(N($E6)+N($H6)+N($K6)+N($N6)+N($Q6)+N($T6)+N($W6)+N($Z6)+N($AA6)+N($AB6)+N($AC6)+N($AD6),2)) | AF6: =IF($B6="",0,IF(AND($C6<>"",$D6<>"",$E6<>"",ABS($C6*$D6-$E6)>1),1,0)+IF(AND($F6<>"",$G6<>"",$H6<>"",ABS($F6*$G6-$H6)>1),1,0)+IF(AND($I6<>"",$J6<>"",$K6<>"",ABS($I6*$J6-$K6)>1),1,0)+IF(AND($L6<>"",$M6<>"",$N6<>"",ABS($L6*$M6-$N6)>1),1,0)+IF(AND($O6<>"",$P6<>"",$Q6<>"",ABS($O6*$P6-$Q6)>1),1,0)+IF(AND($R6<>"",$S6<>"",$T6<>"",ABS($R6*$S6-$T6)>1),1,0)+IF(AND($U6<>"",$V6<>"",$W6<>"",ABS($U6*$V6-$W6)>1),1,0)+IF(AND($X6<>"",$Y6<>"",$Z6<>"",ABS($X6*$Y6-$Z6)>1),1,0)) -> 0 | AH6: ยอดหักที่ลงจริงในสรุปจ่ายรถร่วม | AI6: =ROUND(SUMIF(สรุปจ่ายรถร่วม!$AD$5:$AD$704,"T",สรุปจ่ายรถร่วม!$M$5:$M$704),2) -> 0
A7: =IF($B7="","",COUNTA($B$4:$B7)) | AE7: =IF($B7="","",ROUND(N($E7)+N($H7)+N($K7)+N($N7)+N($Q7)+N($T7)+N($W7)+N($Z7)+N($AA7)+N($AB7)+N($AC7)+N($AD7),2)) | AF7: =IF($B7="",0,IF(AND($C7<>"",$D7<>"",$E7<>"",ABS($C7*$D7-$E7)>1),1,0)+IF(AND($F7<>"",$G7<>"",$H7<>"",ABS($F7*$G7-$H7)>1),1,0)+IF(AND($I7<>"",$J7<>"",$K7<>"",ABS($I7*$J7-$K7)>1),1,0)+IF(AND($L7<>"",$M7<>"",$N7<>"",ABS($L7*$M7-$N7)>1),1,0)+IF(AND($O7<>"",$P7<>"",$Q7<>"",ABS($O7*$P7-$Q7)>1),1,0)+IF(AND($R7<>"",$S7<>"",$T7<>"",ABS($R7*$S7-$T7)>1),1,0)+IF(AND($U7<>"",$V7<>"",$W7<>"",ABS($U7*$V7-$W7)>1),1,0)+IF(AND($X7<>"",$Y7<>"",$Z7<>"",ABS($X7*$Y7-$Z7)>1),1,0)) -> 0 | AH7: สรุป | AI7: =IF($AI$4>0,"*** มีทีมที่ยอดหักจะหายไป — แก้ชื่อทีมก่อน ***",IF(ROUND($AI$3,2)<>ROUND($AI$6,2),"*** ยอดหักไม่ตรงกับสรุปจ่ายรถร่วม ***",IF($AI$5>0,"มีแถวที่ ลิตร x ราคา ไม่ตรงกับยอดเงิน (ตรวจดู)","ปกติ"))) -> ปกติ
A8: =IF($B8="","",COUNTA($B$4:$B8)) | AE8: =IF($B8="","",ROUND(N($E8)+N($H8)+N($K8)+N($N8)+N($Q8)+N($T8)+N($W8)+N($Z8)+N($AA8)+N($AB8)+N($AC8)+N($AD8),2)) | AF8: =IF($B8="",0,IF(AND($C8<>"",$D8<>"",$E8<>"",ABS($C8*$D8-$E8)>1),1,0)+IF(AND($F8<>"",$G8<>"",$H8<>"",ABS($F8*$G8-$H8)>1),1,0)+IF(AND($I8<>"",$J8<>"",$K8<>"",ABS($I8*$J8-$K8)>1),1,0)+IF(AND($L8<>"",$M8<>"",$N8<>"",ABS($L8*$M8-$N8)>1),1,0)+IF(AND($O8<>"",$P8<>"",$Q8<>"",ABS($O8*$P8-$Q8)>1),1,0)+IF(AND($R8<>"",$S8<>"",$T8<>"",ABS($R8*$S8-$T8)>1),1,0)+IF(AND($U8<>"",$V8<>"",$W8<>"",ABS($U8*$V8-$W8)>1),1,0)+IF(AND($X8<>"",$Y8<>"",$Z8<>"",ABS($X8*$Y8-$Z8)>1),1,0)) -> 0
A9: =IF($B9="","",COUNTA($B$4:$B9)) | AE9: =IF($B9="","",ROUND(N($E9)+N($H9)+N($K9)+N($N9)+N($Q9)+N($T9)+N($W9)+N($Z9)+N($AA9)+N($AB9)+N($AC9)+N($AD9),2)) | AF9: =IF($B9="",0,IF(AND($C9<>"",$D9<>"",$E9<>"",ABS($C9*$D9-$E9)>1),1,0)+IF(AND($F9<>"",$G9<>"",$H9<>"",ABS($F9*$G9-$H9)>1),1,0)+IF(AND($I9<>"",$J9<>"",$K9<>"",ABS($I9*$J9-$K9)>1),1,0)+IF(AND($L9<>"",$M9<>"",$N9<>"",ABS($L9*$M9-$N9)>1),1,0)+IF(AND($O9<>"",$P9<>"",$Q9<>"",ABS($O9*$P9-$Q9)>1),1,0)+IF(AND($R9<>"",$S9<>"",$T9<>"",ABS($R9*$S9-$T9)>1),1,0)+IF(AND($U9<>"",$V9<>"",$W9<>"",ABS($U9*$V9-$W9)>1),1,0)+IF(AND($X9<>"",$Y9<>"",$Z9<>"",ABS($X9*$Y9-$Z9)>1),1,0)) -> 0 | AH9: หมายเหตุ: ชื่อหนังสือในแถวที่ 2 และชื่อรายการหักในแถวที่ 3 พิมพ์ทับได้ตามแต่ละนาม | บล็อกที่ไม่ใช้ปล่อยว่างไว้
A10: =IF($B10="","",COUNTA($B$4:$B10)) | AE10: =IF($B10="","",ROUND(N($E10)+N($H10)+N($K10)+N($N10)+N($Q10)+N($T10)+N($W10)+N($Z10)+N($AA10)+N($AB10)+N($AC10)+N($AD10),2)) | AF10: =IF($B10="",0,IF(AND($C10<>"",$D10<>"",$E10<>"",ABS($C10*$D10-$E10)>1),1,0)+IF(AND($F10<>"",$G10<>"",$H10<>"",ABS($F10*$G10-$H10)>1),1,0)+IF(AND($I10<>"",$J10<>"",$K10<>"",ABS($I10*$J10-$K10)>1),1,0)+IF(AND($L10<>"",$M10<>"",$N10<>"",ABS($L10*$M10-$N10)>1),1,0)+IF(AND($O10<>"",$P10<>"",$Q10<>"",ABS($O10*$P10-$Q10)>1),1,0)+IF(AND($R10<>"",$S10<>"",$T10<>"",ABS($R10*$S10-$T10)>1),1,0)+IF(AND($U10<>"",$V10<>"",$W10<>"",ABS($U10*$V10-$W10)>1),1,0)+IF(AND($X10<>"",$Y10<>"",$Z10<>"",ABS($X10*$Y10-$Z10)>1),1,0)) -> 0
A11: =IF($B11="","",COUNTA($B$4:$B11)) | AE11: =IF($B11="","",ROUND(N($E11)+N($H11)+N($K11)+N($N11)+N($Q11)+N($T11)+N($W11)+N($Z11)+N($AA11)+N($AB11)+N($AC11)+N($AD11),2)) | AF11: =IF($B11="",0,IF(AND($C11<>"",$D11<>"",$E11<>"",ABS($C11*$D11-$E11)>1),1,0)+IF(AND($F11<>"",$G11<>"",$H11<>"",ABS($F11*$G11-$H11)>1),1,0)+IF(AND($I11<>"",$J11<>"",$K11<>"",ABS($I11*$J11-$K11)>1),1,0)+IF(AND($L11<>"",$M11<>"",$N11<>"",ABS($L11*$M11-$N11)>1),1,0)+IF(AND($O11<>"",$P11<>"",$Q11<>"",ABS($O11*$P11-$Q11)>1),1,0)+IF(AND($R11<>"",$S11<>"",$T11<>"",ABS($R11*$S11-$T11)>1),1,0)+IF(AND($U11<>"",$V11<>"",$W11<>"",ABS($U11*$V11-$W11)>1),1,0)+IF(AND($X11<>"",$Y11<>"",$Z11<>"",ABS($X11*$Y11-$Z11)>1),1,0)) -> 0 | AH11: หน้านี้ ฝ่ายบัญชี เป็นผู้กรอก (ไม่ใช่เหมือง)
A12: =IF($B12="","",COUNTA($B$4:$B12)) | AE12: =IF($B12="","",ROUND(N($E12)+N($H12)+N($K12)+N($N12)+N($Q12)+N($T12)+N($W12)+N($Z12)+N($AA12)+N($AB12)+N($AC12)+N($AD12),2)) | AF12: =IF($B12="",0,IF(AND($C12<>"",$D12<>"",$E12<>"",ABS($C12*$D12-$E12)>1),1,0)+IF(AND($F12<>"",$G12<>"",$H12<>"",ABS($F12*$G12-$H12)>1),1,0)+IF(AND($I12<>"",$J12<>"",$K12<>"",ABS($I12*$J12-$K12)>1),1,0)+IF(AND($L12<>"",$M12<>"",$N12<>"",ABS($L12*$M12-$N12)>1),1,0)+IF(AND($O12<>"",$P12<>"",$Q12<>"",ABS($O12*$P12-$Q12)>1),1,0)+IF(AND($R12<>"",$S12<>"",$T12<>"",ABS($R12*$S12-$T12)>1),1,0)+IF(AND($U12<>"",$V12<>"",$W12<>"",ABS($U12*$V12-$W12)>1),1,0)+IF(AND($X12<>"",$Y12<>"",$Z12<>"",ABS($X12*$Y12-$Z12)>1),1,0)) -> 0 | AH12: เหมืองส่งมาเฉพาะ บันทึกรายเที่ยว ที่ตรวจหน้าสรุปเหมืองแล้ว บัญชีมากรอก oil + อัตราค่าขนส่ง แล้วตรวจหน้าสรุปจ่ายรถร่วมอีกครั้ง
A13: =IF($B13="","",COUNTA($B$4:$B13)) | AE13: =IF($B13="","",ROUND(N($E13)+N($H13)+N($K13)+N($N13)+N($Q13)+N($T13)+N($W13)+N($Z13)+N($AA13)+N($AB13)+N($AC13)+N($AD13),2)) | AF13: =IF($B13="",0,IF(AND($C13<>"",$D13<>"",$E13<>"",ABS($C13*$D13-$E13)>1),1,0)+IF(AND($F13<>"",$G13<>"",$H13<>"",ABS($F13*$G13-$H13)>1),1,0)+IF(AND($I13<>"",$J13<>"",$K13<>"",ABS($I13*$J13-$K13)>1),1,0)+IF(AND($L13<>"",$M13<>"",$N13<>"",ABS($L13*$M13-$N13)>1),1,0)+IF(AND($O13<>"",$P13<>"",$Q13<>"",ABS($O13*$P13-$Q13)>1),1,0)+IF(AND($R13<>"",$S13<>"",$T13<>"",ABS($R13*$S13-$T13)>1),1,0)+IF(AND($U13<>"",$V13<>"",$W13<>"",ABS($U13*$V13-$W13)>1),1,0)+IF(AND($X13<>"",$Y13<>"",$Z13<>"",ABS($X13*$Y13-$Z13)>1),1,0)) -> 0
A14: =IF($B14="","",COUNTA($B$4:$B14)) | AE14: =IF($B14="","",ROUND(N($E14)+N($H14)+N($K14)+N($N14)+N($Q14)+N($T14)+N($W14)+N($Z14)+N($AA14)+N($AB14)+N($AC14)+N($AD14),2)) | AF14: =IF($B14="",0,IF(AND($C14<>"",$D14<>"",$E14<>"",ABS($C14*$D14-$E14)>1),1,0)+IF(AND($F14<>"",$G14<>"",$H14<>"",ABS($F14*$G14-$H14)>1),1,0)+IF(AND($I14<>"",$J14<>"",$K14<>"",ABS($I14*$J14-$K14)>1),1,0)+IF(AND($L14<>"",$M14<>"",$N14<>"",ABS($L14*$M14-$N14)>1),1,0)+IF(AND($O14<>"",$P14<>"",$Q14<>"",ABS($O14*$P14-$Q14)>1),1,0)+IF(AND($R14<>"",$S14<>"",$T14<>"",ABS($R14*$S14-$T14)>1),1,0)+IF(AND($U14<>"",$V14<>"",$W14<>"",ABS($U14*$V14-$W14)>1),1,0)+IF(AND($X14<>"",$Y14<>"",$Z14<>"",ABS($X14*$Y14-$Z14)>1),1,0)) -> 0
A15: =IF($B15="","",COUNTA($B$4:$B15)) | AE15: =IF($B15="","",ROUND(N($E15)+N($H15)+N($K15)+N($N15)+N($Q15)+N($T15)+N($W15)+N($Z15)+N($AA15)+N($AB15)+N($AC15)+N($AD15),2)) | AF15: =IF($B15="",0,IF(AND($C15<>"",$D15<>"",$E15<>"",ABS($C15*$D15-$E15)>1),1,0)+IF(AND($F15<>"",$G15<>"",$H15<>"",ABS($F15*$G15-$H15)>1),1,0)+IF(AND($I15<>"",$J15<>"",$K15<>"",ABS($I15*$J15-$K15)>1),1,0)+IF(AND($L15<>"",$M15<>"",$N15<>"",ABS($L15*$M15-$N15)>1),1,0)+IF(AND($O15<>"",$P15<>"",$Q15<>"",ABS($O15*$P15-$Q15)>1),1,0)+IF(AND($R15<>"",$S15<>"",$T15<>"",ABS($R15*$S15-$T15)>1),1,0)+IF(AND($U15<>"",$V15<>"",$W15<>"",ABS($U15*$V15-$W15)>1),1,0)+IF(AND($X15<>"",$Y15<>"",$Z15<>"",ABS($X15*$Y15-$Z15)>1),1,0)) -> 0
A16: =IF($B16="","",COUNTA($B$4:$B16)) | AE16: =IF($B16="","",ROUND(N($E16)+N($H16)+N($K16)+N($N16)+N($Q16)+N($T16)+N($W16)+N($Z16)+N($AA16)+N($AB16)+N($AC16)+N($AD16),2)) | AF16: =IF($B16="",0,IF(AND($C16<>"",$D16<>"",$E16<>"",ABS($C16*$D16-$E16)>1),1,0)+IF(AND($F16<>"",$G16<>"",$H16<>"",ABS($F16*$G16-$H16)>1),1,0)+IF(AND($I16<>"",$J16<>"",$K16<>"",ABS($I16*$J16-$K16)>1),1,0)+IF(AND($L16<>"",$M16<>"",$N16<>"",ABS($L16*$M16-$N16)>1),1,0)+IF(AND($O16<>"",$P16<>"",$Q16<>"",ABS($O16*$P16-$Q16)>1),1,0)+IF(AND($R16<>"",$S16<>"",$T16<>"",ABS($R16*$S16-$T16)>1),1,0)+IF(AND($U16<>"",$V16<>"",$W16<>"",ABS($U16*$V16-$W16)>1),1,0)+IF(AND($X16<>"",$Y16<>"",$Z16<>"",ABS($X16*$Y16-$Z16)>1),1,0)) -> 0
A17: =IF($B17="","",COUNTA($B$4:$B17)) | AE17: =IF($B17="","",ROUND(N($E17)+N($H17)+N($K17)+N($N17)+N($Q17)+N($T17)+N($W17)+N($Z17)+N($AA17)+N($AB17)+N($AC17)+N($AD17),2)) | AF17: =IF($B17="",0,IF(AND($C17<>"",$D17<>"",$E17<>"",ABS($C17*$D17-$E17)>1),1,0)+IF(AND($F17<>"",$G17<>"",$H17<>"",ABS($F17*$G17-$H17)>1),1,0)+IF(AND($I17<>"",$J17<>"",$K17<>"",ABS($I17*$J17-$K17)>1),1,0)+IF(AND($L17<>"",$M17<>"",$N17<>"",ABS($L17*$M17-$N17)>1),1,0)+IF(AND($O17<>"",$P17<>"",$Q17<>"",ABS($O17*$P17-$Q17)>1),1,0)+IF(AND($R17<>"",$S17<>"",$T17<>"",ABS($R17*$S17-$T17)>1),1,0)+IF(AND($U17<>"",$V17<>"",$W17<>"",ABS($U17*$V17-$W17)>1),1,0)+IF(AND($X17<>"",$Y17<>"",$Z17<>"",ABS($X17*$Y17-$Z17)>1),1,0)) -> 0
A18: =IF($B18="","",COUNTA($B$4:$B18)) | AE18: =IF($B18="","",ROUND(N($E18)+N($H18)+N($K18)+N($N18)+N($Q18)+N($T18)+N($W18)+N($Z18)+N($AA18)+N($AB18)+N($AC18)+N($AD18),2)) | AF18: =IF($B18="",0,IF(AND($C18<>"",$D18<>"",$E18<>"",ABS($C18*$D18-$E18)>1),1,0)+IF(AND($F18<>"",$G18<>"",$H18<>"",ABS($F18*$G18-$H18)>1),1,0)+IF(AND($I18<>"",$J18<>"",$K18<>"",ABS($I18*$J18-$K18)>1),1,0)+IF(AND($L18<>"",$M18<>"",$N18<>"",ABS($L18*$M18-$N18)>1),1,0)+IF(AND($O18<>"",$P18<>"",$Q18<>"",ABS($O18*$P18-$Q18)>1),1,0)+IF(AND($R18<>"",$S18<>"",$T18<>"",ABS($R18*$S18-$T18)>1),1,0)+IF(AND($U18<>"",$V18<>"",$W18<>"",ABS($U18*$V18-$W18)>1),1,0)+IF(AND($X18<>"",$Y18<>"",$Z18<>"",ABS($X18*$Y18-$Z18)>1),1,0)) -> 0
A19: =IF($B19="","",COUNTA($B$4:$B19)) | AE19: =IF($B19="","",ROUND(N($E19)+N($H19)+N($K19)+N($N19)+N($Q19)+N($T19)+N($W19)+N($Z19)+N($AA19)+N($AB19)+N($AC19)+N($AD19),2)) | AF19: =IF($B19="",0,IF(AND($C19<>"",$D19<>"",$E19<>"",ABS($C19*$D19-$E19)>1),1,0)+IF(AND($F19<>"",$G19<>"",$H19<>"",ABS($F19*$G19-$H19)>1),1,0)+IF(AND($I19<>"",$J19<>"",$K19<>"",ABS($I19*$J19-$K19)>1),1,0)+IF(AND($L19<>"",$M19<>"",$N19<>"",ABS($L19*$M19-$N19)>1),1,0)+IF(AND($O19<>"",$P19<>"",$Q19<>"",ABS($O19*$P19-$Q19)>1),1,0)+IF(AND($R19<>"",$S19<>"",$T19<>"",ABS($R19*$S19-$T19)>1),1,0)+IF(AND($U19<>"",$V19<>"",$W19<>"",ABS($U19*$V19-$W19)>1),1,0)+IF(AND($X19<>"",$Y19<>"",$Z19<>"",ABS($X19*$Y19-$Z19)>1),1,0)) -> 0
A20: =IF($B20="","",COUNTA($B$4:$B20)) | AE20: =IF($B20="","",ROUND(N($E20)+N($H20)+N($K20)+N($N20)+N($Q20)+N($T20)+N($W20)+N($Z20)+N($AA20)+N($AB20)+N($AC20)+N($AD20),2)) | AF20: =IF($B20="",0,IF(AND($C20<>"",$D20<>"",$E20<>"",ABS($C20*$D20-$E20)>1),1,0)+IF(AND($F20<>"",$G20<>"",$H20<>"",ABS($F20*$G20-$H20)>1),1,0)+IF(AND($I20<>"",$J20<>"",$K20<>"",ABS($I20*$J20-$K20)>1),1,0)+IF(AND($L20<>"",$M20<>"",$N20<>"",ABS($L20*$M20-$N20)>1),1,0)+IF(AND($O20<>"",$P20<>"",$Q20<>"",ABS($O20*$P20-$Q20)>1),1,0)+IF(AND($R20<>"",$S20<>"",$T20<>"",ABS($R20*$S20-$T20)>1),1,0)+IF(AND($U20<>"",$V20<>"",$W20<>"",ABS($U20*$V20-$W20)>1),1,0)+IF(AND($X20<>"",$Y20<>"",$Z20<>"",ABS($X20*$Y20-$Z20)>1),1,0)) -> 0
A21: =IF($B21="","",COUNTA($B$4:$B21)) | AE21: =IF($B21="","",ROUND(N($E21)+N($H21)+N($K21)+N($N21)+N($Q21)+N($T21)+N($W21)+N($Z21)+N($AA21)+N($AB21)+N($AC21)+N($AD21),2)) | AF21: =IF($B21="",0,IF(AND($C21<>"",$D21<>"",$E21<>"",ABS($C21*$D21-$E21)>1),1,0)+IF(AND($F21<>"",$G21<>"",$H21<>"",ABS($F21*$G21-$H21)>1),1,0)+IF(AND($I21<>"",$J21<>"",$K21<>"",ABS($I21*$J21-$K21)>1),1,0)+IF(AND($L21<>"",$M21<>"",$N21<>"",ABS($L21*$M21-$N21)>1),1,0)+IF(AND($O21<>"",$P21<>"",$Q21<>"",ABS($O21*$P21-$Q21)>1),1,0)+IF(AND($R21<>"",$S21<>"",$T21<>"",ABS($R21*$S21-$T21)>1),1,0)+IF(AND($U21<>"",$V21<>"",$W21<>"",ABS($U21*$V21-$W21)>1),1,0)+IF(AND($X21<>"",$Y21<>"",$Z21<>"",ABS($X21*$Y21-$Z21)>1),1,0)) -> 0
A22: =IF($B22="","",COUNTA($B$4:$B22)) | AE22: =IF($B22="","",ROUND(N($E22)+N($H22)+N($K22)+N($N22)+N($Q22)+N($T22)+N($W22)+N($Z22)+N($AA22)+N($AB22)+N($AC22)+N($AD22),2)) | AF22: =IF($B22="",0,IF(AND($C22<>"",$D22<>"",$E22<>"",ABS($C22*$D22-$E22)>1),1,0)+IF(AND($F22<>"",$G22<>"",$H22<>"",ABS($F22*$G22-$H22)>1),1,0)+IF(AND($I22<>"",$J22<>"",$K22<>"",ABS($I22*$J22-$K22)>1),1,0)+IF(AND($L22<>"",$M22<>"",$N22<>"",ABS($L22*$M22-$N22)>1),1,0)+IF(AND($O22<>"",$P22<>"",$Q22<>"",ABS($O22*$P22-$Q22)>1),1,0)+IF(AND($R22<>"",$S22<>"",$T22<>"",ABS($R22*$S22-$T22)>1),1,0)+IF(AND($U22<>"",$V22<>"",$W22<>"",ABS($U22*$V22-$W22)>1),1,0)+IF(AND($X22<>"",$Y22<>"",$Z22<>"",ABS($X22*$Y22-$Z22)>1),1,0)) -> 0
A23: =IF($B23="","",COUNTA($B$4:$B23)) | AE23: =IF($B23="","",ROUND(N($E23)+N($H23)+N($K23)+N($N23)+N($Q23)+N($T23)+N($W23)+N($Z23)+N($AA23)+N($AB23)+N($AC23)+N($AD23),2)) | AF23: =IF($B23="",0,IF(AND($C23<>"",$D23<>"",$E23<>"",ABS($C23*$D23-$E23)>1),1,0)+IF(AND($F23<>"",$G23<>"",$H23<>"",ABS($F23*$G23-$H23)>1),1,0)+IF(AND($I23<>"",$J23<>"",$K23<>"",ABS($I23*$J23-$K23)>1),1,0)+IF(AND($L23<>"",$M23<>"",$N23<>"",ABS($L23*$M23-$N23)>1),1,0)+IF(AND($O23<>"",$P23<>"",$Q23<>"",ABS($O23*$P23-$Q23)>1),1,0)+IF(AND($R23<>"",$S23<>"",$T23<>"",ABS($R23*$S23-$T23)>1),1,0)+IF(AND($U23<>"",$V23<>"",$W23<>"",ABS($U23*$V23-$W23)>1),1,0)+IF(AND($X23<>"",$Y23<>"",$Z23<>"",ABS($X23*$Y23-$Z23)>1),1,0)) -> 0
A24: =IF($B24="","",COUNTA($B$4:$B24)) | AE24: =IF($B24="","",ROUND(N($E24)+N($H24)+N($K24)+N($N24)+N($Q24)+N($T24)+N($W24)+N($Z24)+N($AA24)+N($AB24)+N($AC24)+N($AD24),2)) | AF24: =IF($B24="",0,IF(AND($C24<>"",$D24<>"",$E24<>"",ABS($C24*$D24-$E24)>1),1,0)+IF(AND($F24<>"",$G24<>"",$H24<>"",ABS($F24*$G24-$H24)>1),1,0)+IF(AND($I24<>"",$J24<>"",$K24<>"",ABS($I24*$J24-$K24)>1),1,0)+IF(AND($L24<>"",$M24<>"",$N24<>"",ABS($L24*$M24-$N24)>1),1,0)+IF(AND($O24<>"",$P24<>"",$Q24<>"",ABS($O24*$P24-$Q24)>1),1,0)+IF(AND($R24<>"",$S24<>"",$T24<>"",ABS($R24*$S24-$T24)>1),1,0)+IF(AND($U24<>"",$V24<>"",$W24<>"",ABS($U24*$V24-$W24)>1),1,0)+IF(AND($X24<>"",$Y24<>"",$Z24<>"",ABS($X24*$Y24-$Z24)>1),1,0)) -> 0
... A63: =IF($B63="","",COUNTA($B$4:$B63)) | AE63: =IF($B63="","",ROUND(N($E63)+N($H63)+N($K63)+N($N63)+N($Q63)+N($T63)+N($W63)+N($Z63)+N($AA63)+N($AB63)+N($AC63)+N($AD63),2)) | AF63: =IF($B63="",0,IF(AND($C63<>"",$D63<>"",$E63<>"",ABS($C63*$D63-$E63)>1),1,0)+IF(AND($F63<>"",$G63<>"",$H63<>"",ABS($F63*$G63-$H63)>1),1,0)+IF(AND($I63<>"",$J63<>"",$K63<>"",ABS($I63*$J63-$K63)>1),1,0)+IF(AND($L63<>"",$M63<>"",$N63<>"",ABS($L63*$M63-$N63)>1),1,0)+IF(AND($O63<>"",$P63<>"",$Q63<>"",ABS($O63*$P63-$Q63)>1),1,0)+IF(AND($R63<>"",$S63<>"",$T63<>"",ABS($R63*$S63-$T63)>1),1,0)+IF(AND($U63<>"",$V63<>"",$W63<>"",ABS($U63*$V63-$W63)>1),1,0)+IF(AND($X63<>"",$Y63<>"",$Z63<>"",ABS($X63*$Y63-$Z63)>1),1,0)) -> 0
B64: รวม | C64: =ROUND(SUM($C$4:$C$63),2) -> 0 | D64: =IF(OR(N($C$64)=0,SUMPRODUCT(--($E$4:$E$63<>""),--($C$4:$C$63=""))>0),"",ROUND($E$64/$C$64,4)) | E64: =ROUND(SUM($E$4:$E$63),2) -> 0 | F64: =ROUND(SUM($F$4:$F$63),2) -> 0 | G64: =IF(OR(N($F$64)=0,SUMPRODUCT(--($H$4:$H$63<>""),--($F$4:$F$63=""))>0),"",ROUND($H$64/$F$64,4)) | H64: =ROUND(SUM($H$4:$H$63),2) -> 0 | I64: =ROUND(SUM($I$4:$I$63),2) -> 0 | J64: =IF(OR(N($I$64)=0,SUMPRODUCT(--($K$4:$K$63<>""),--($I$4:$I$63=""))>0),"",ROUND($K$64/$I$64,4)) | K64: =ROUND(SUM($K$4:$K$63),2) -> 0 | L64: =ROUND(SUM($L$4:$L$63),2) -> 0 | M64: =IF(OR(N($L$64)=0,SUMPRODUCT(--($N$4:$N$63<>""),--($L$4:$L$63=""))>0),"",ROUND($N$64/$L$64,4)) | N64: =ROUND(SUM($N$4:$N$63),2) -> 0 | O64: =ROUND(SUM($O$4:$O$63),2) -> 0 | P64: =IF(OR(N($O$64)=0,SUMPRODUCT(--($Q$4:$Q$63<>""),--($O$4:$O$63=""))>0),"",ROUND($Q$64/$O$64,4)) | Q64: =ROUND(SUM($Q$4:$Q$63),2) -> 0 | R64: =ROUND(SUM($R$4:$R$63),2) -> 0 | S64: =IF(OR(N($R$64)=0,SUMPRODUCT(--($T$4:$T$63<>""),--($R$4:$R$63=""))>0),"",ROUND($T$64/$R$64,4)) | T64: =ROUND(SUM($T$4:$T$63),2) -> 0 | U64: =ROUND(SUM($U$4:$U$63),2) -> 0 | V64: =IF(OR(N($U$64)=0,SUMPRODUCT(--($W$4:$W$63<>""),--($U$4:$U$63=""))>0),"",ROUND($W$64/$U$64,4)) | W64: =ROUND(SUM($W$4:$W$63),2) -> 0 | X64: =ROUND(SUM($X$4:$X$63),2) -> 0 | Y64: =IF(OR(N($X$64)=0,SUMPRODUCT(--($Z$4:$Z$63<>""),--($X$4:$X$63=""))>0),"",ROUND($Z$64/$X$64,4)) | Z64: =ROUND(SUM($Z$4:$Z$63),2) -> 0 | AA64: =ROUND(SUM($AA$4:$AA$63),2) -> 0 | AB64: =ROUND(SUM($AB$4:$AB$63),2) -> 0 | AC64: =ROUND(SUM($AC$4:$AC$63),2) -> 0 | AD64: =ROUND(SUM($AD$4:$AD$63),2) -> 0 | AE64: =ROUND(SUM($AE$4:$AE$63),2) -> 0

Sheet สรุปเหมือง
A1: รายงานสรุปผลการขนส่งหิน (แบบเหมือง) | I1: ▍ ตัวกรองรายงาน — เลือกแล้วตารางจะแสดงเฉพาะที่เลือก | AD1: =COUNT($Q$8:$Q$407)+SUM($V$8:$V$407)+SUM($W$8:$W$407) -> 0
A2: ที่ | B2: =IF(บันทึกรายเที่ยว!$D$3="","",บันทึกรายเที่ยว!$D$3) | D2: ประจำเดือน | E2: =IF(บันทึกรายเที่ยว!$B$3="","",บันทึกรายเที่ยว!$B$3) -> กรกฎาคม 2569 | I2: ท่าปลายทาง
A3: เรื่อง | B3: รายงานการขนส่งหินจากเหมือง ไปท่าเรือ ประจำเดือน | I3: (ทั้งหมด)
A4: เรียน | I4: ชนิดแร่/หิน
A5: =IF($AD$1+7>200,"*** รายงานยาวเกินพื้นที่พิมพ์ที่ตั้งไว้ — ตั้ง Print Area ใหม่เป็น "&"A1:H"&(8-1+$AD$1+7)&" ก่อนพิมพ์ ***","") | I5: (ทั้งหมด)
A6: =" รายงานสรุปผลการขนส่ง ประจำเดือน "&บันทึกรายเที่ยว!$B$3&IF(AND($I$3="(ทั้งหมด)",$I$5="(ทั้งหมด)",$I$7="(ทั้งหมด)"),""," [กรองเฉพาะ:"&IF($I$3="(ทั้งหมด)",""," ปลายทาง="&$I$3)&IF($I$5="(ทั้งหมด)",""," ชนิด="&$I$5)&IF($I$7="(ทั้งหมด)",""," ทีม="&$I$7)&" ]") -> รายงานสรุปผลการขนส่ง ประจำเดือน กรกฎาคม 2569 | I6: ทีมรถร่วม
A7: ต้นทาง - ปลายทาง | B7: ชนิดหิน | C7: ขนส่ง (ทีม) | D7: เที่ยว | E7: นน.ต้นทาง (ตัน) | F7: นน.ปลายทาง (ตัน) | G7: นน.ส่วนต่าง (ตัน) | H7: นน.จ่ายค่าบรรทุก (ตัน) | I7: (ทั้งหมด)
A8: =IF($AB8="G","ผลรวมทั้งหมด",IF($AB8="R",INDEX($S$8:$S$407,$AA8),"")) -> ผลรวมทั้งหมด | B8: =IF($AB8="S",INDEX($Y$8:$Y$407,$AA8),"") | C8: =IF($AB8="D",INDEX($Z$8:$Z$407,$AA8),"") | D8: =IF($AB8="G",SUM($AE$8:$AE$407),IF(OR($AB8="",$AB8="R"),"",IF($AB8="D",INDEX($AE$8:$AE$407,$AA8),SUMIF($T$8:$T$407,INDEX($T$8:$T$407,$AA8),$AE$8:$AE$407)))) -> 0 | E8: =IF(1=$AD$1+3,"ขอแสดงความนับถือ",IF(1=$AD$1+6,"( )",IF(1=$AD$1+7,"เจ้าหน้าที่ขนส่ง",IF($AB8="G",SUM($AF$8:$AF$407),IF(OR($AB8="",$AB8="R"),"",IF($AB8="D",INDEX($AF$8:$AF$407,$AA8),SUMIF($T$8:$T$407,INDEX($T$8:$T$407,$AA8),$AF$8:$AF$407))))))) -> 0 | F8: =IF($AB8="G",SUM($AG$8:$AG$407),IF(OR($AB8="",$AB8="R"),"",IF($AB8="D",INDEX($AG$8:$AG$407,$AA8),SUMIF($T$8:$T$407,INDEX($T$8:$T$407,$AA8),$AG$8:$AG$407)))) -> 0 | G8: =IF(OR($AB8="",$AB8="R"),"",ROUND($E8-$F8,2)) -> 0 | H8: =IF($AB8="G",SUM($AH$8:$AH$407),IF(OR($AB8="",$AB8="R"),"",IF($AB8="D",INDEX($AH$8:$AH$407,$AA8),SUMIF($T$8:$T$407,INDEX($T$8:$T$407,$AA8),$AH$8:$AH$407)))) -> 0 | I8: ▍ ช่องตรวจสอบ (ไม่ติดไปเวลาพิมพ์) | J8: =IFERROR(MATCH(1,บันทึกรายเที่ยว!$W$6:$W$10005,0),"") | K8: =IF($J8="","",INDEX(บันทึกรายเที่ยว!$T$6:$T$10005,$J8)) | L8: =IF($J8="","",INDEX(บันทึกรายเที่ยว!$S$6:$S$10005,$J8)) | M8: =IF($J8="","",INDEX(บันทึกรายเที่ยว!$R$6:$R$10005,$J8)) | N8: =IF($J8="","",MATCH($M8,บันทึกรายเที่ยว!$R$6:$R$10005,0)) | O8: =IF($J8="","",MATCH($L8,บันทึกรายเที่ยว!$S$6:$S$10005,0)) | P8: =IF($J8="","",IF(AND(OR($I$3="(ทั้งหมด)",INDEX(บันทึกรายเที่ยว!$C$6:$C$10005,$J8)=$I$3),OR($I$5="(ทั้งหมด)",INDEX(บันทึกรายเที่ยว!$D$6:$D$10005,$J8)=$I$5),OR($I$7="(ทั้งหมด)",INDEX(บันทึกรายเที่ยว!$F$6:$F$10005,$J8)=$I$7)),$N8*10000000+$O8*1000+1,"")) | Q8: =IFERROR(MATCH(SMALL($P$8:$P$407,1),$P$8:$P$407,0),"") | R8: =IF($Q8="","",INDEX($J$8:$J$407,$Q8)) | S8: =IF($Q8="","",INDEX($M$8:$M$407,$Q8)) | T8: =IF($Q8="","",INDEX($L$8:$L$407,$Q8)) | U8: =IF($Q8="","",INDEX($K$8:$K$407,$Q8)) | V8: =IF($Q8="",0,1) -> 0 | W8: =IF($Q8="",0,1) -> 0 | X8: =IF($Q8="",99999,1) -> 99999 | Y8: =IF($Q8="","",INDEX(บันทึกรายเที่ยว!$Q$6:$Q$10005,$R8)) | Z8: =IF($Q8="","",INDEX(บันทึกรายเที่ยว!$F$6:$F$10005,$R8)) | AA8: =IFERROR(MATCH(1,$X$8:$X$407,1),"") | AB8: =IF(1=$AD$1+1,"G",IF($AA8="","",IF(INDEX($Q$8:$Q$407,$AA8)="","",IF(1>INDEX($X$8:$X$407,$AA8)+INDEX($V$8:$V$407,$AA8)+INDEX($W$8:$W$407,$AA8),"",IF(1=INDEX($X$8:$X$407,$AA8)+INDEX($V$8:$V$407,$AA8)+INDEX($W$8:$W$407,$AA8),"D",IF(AND(INDEX($W$8:$W$407,$AA8)=1,1=INDEX($X$8:$X$407,$AA8)+INDEX($V$8:$V$407,$AA8)),"S","R")))))) -> G | AC8: =IF(OR($AB8="",$AB8="G"),"",IF($AB8="D",INDEX($U$8:$U$407,$AA8),IF($AB8="S",INDEX($T$8:$T$407,$AA8)&"|*",INDEX($S$8:$S$407,$AA8)&"|*"))) | AE8: =IF($U8="",0,COUNTIF(บันทึกรายเที่ยว!$T$6:$T$10005,$U8)) -> 0 | AF8: =IF($U8="",0,ROUND(SUMIF(บันทึกรายเที่ยว!$T$6:$T$10005,$U8,บันทึกรายเที่ยว!$J$6:$J$10005),2)) -> 0 | AG8: =IF($U8="",0,ROUND(SUMIF(บันทึกรายเที่ยว!$T$6:$T$10005,$U8,บันทึกรายเที่ยว!$K$6:$K$10005),2)) -> 0 | AH8: =IF($U8="",0,ROUND(SUMIF(บันทึกรายเที่ยว!$T$6:$T$10005,$U8,บันทึกรายเที่ยว!$M$6:$M$10005),2)) -> 0
A9: =IF($AB9="G","ผลรวมทั้งหมด",IF($AB9="R",INDEX($S$8:$S$407,$AA9),"")) | B9: =IF($AB9="S",INDEX($Y$8:$Y$407,$AA9),"") | C9: =IF($AB9="D",INDEX($Z$8:$Z$407,$AA9),"") | D9: =IF($AB9="G",SUM($AE$8:$AE$407),IF(OR($AB9="",$AB9="R"),"",IF($AB9="D",INDEX($AE$8:$AE$407,$AA9),SUMIF($T$8:$T$407,INDEX($T$8:$T$407,$AA9),$AE$8:$AE$407)))) | E9: =IF(2=$AD$1+3,"ขอแสดงความนับถือ",IF(2=$AD$1+6,"( )",IF(2=$AD$1+7,"เจ้าหน้าที่ขนส่ง",IF($AB9="G",SUM($AF$8:$AF$407),IF(OR($AB9="",$AB9="R"),"",IF($AB9="D",INDEX($AF$8:$AF$407,$AA9),SUMIF($T$8:$T$407,INDEX($T$8:$T$407,$AA9),$AF$8:$AF$407))))))) | F9: =IF($AB9="G",SUM($AG$8:$AG$407),IF(OR($AB9="",$AB9="R"),"",IF($AB9="D",INDEX($AG$8:$AG$407,$AA9),SUMIF($T$8:$T$407,INDEX($T$8:$T$407,$AA9),$AG$8:$AG$407)))) | G9: =IF(OR($AB9="",$AB9="R"),"",ROUND($E9-$F9,2)) | H9: =IF($AB9="G",SUM($AH$8:$AH$407),IF(OR($AB9="",$AB9="R"),"",IF($AB9="D",INDEX($AH$8:$AH$407,$AA9),SUMIF($T$8:$T$407,INDEX($T$8:$T$407,$AA9),$AH$8:$AH$407)))) | I9: ตรวจสอบยอด | J9: =IFERROR(MATCH(2,บันทึกรายเที่ยว!$W$6:$W$10005,0),"") | K9: =IF($J9="","",INDEX(บันทึกรายเที่ยว!$T$6:$T$10005,$J9)) | L9: =IF($J9="","",INDEX(บันทึกรายเที่ยว!$S$6:$S$10005,$J9)) | M9: =IF($J9="","",INDEX(บันทึกรายเที่ยว!$R$6:$R$10005,$J9)) | N9: =IF($J9="","",MATCH($M9,บันทึกรายเที่ยว!$R$6:$R$10005,0)) | O9: =IF($J9="","",MATCH($L9,บันทึกรายเที่ยว!$S$6:$S$10005,0)) | P9: =IF($J9="","",IF(AND(OR($I$3="(ทั้งหมด)",INDEX(บันทึกรายเที่ยว!$C$6:$C$10005,$J9)=$I$3),OR($I$5="(ทั้งหมด)",INDEX(บันทึกรายเที่ยว!$D$6:$D$10005,$J9)=$I$5),OR($I$7="(ทั้งหมด)",INDEX(บันทึกรายเที่ยว!$F$6:$F$10005,$J9)=$I$7)),$N9*10000000+$O9*1000+2,"")) | Q9: =IFERROR(MATCH(SMALL($P$8:$P$407,2),$P$8:$P$407,0),"") | R9: =IF($Q9="","",INDEX($J$8:$J$407,$Q9)) | S9: =IF($Q9="","",INDEX($M$8:$M$407,$Q9)) | T9: =IF($Q9="","",INDEX($L$8:$L$407,$Q9)) | U9: =IF($Q9="","",INDEX($K$8:$K$407,$Q9)) | V9: =IF($Q9="",0,IF($S9<>$S8,1,0)) -> 0 | W9: =IF($Q9="",0,IF($T9<>$T8,1,0)) -> 0 | X9: =IF($Q9="",99999+2,$X8+1+$V8+$W8) -> 100001 | Y9: =IF($Q9="","",INDEX(บันทึกรายเที่ยว!$Q$6:$Q$10005,$R9)) | Z9: =IF($Q9="","",INDEX(บันทึกรายเที่ยว!$F$6:$F$10005,$R9)) | AA9: =IFERROR(MATCH(2,$X$8:$X$407,1),"") | AB9: =IF(2=$AD$1+1,"G",IF($AA9="","",IF(INDEX($Q$8:$Q$407,$AA9)="","",IF(2>INDEX($X$8:$X$407,$AA9)+INDEX($V$8:$V$407,$AA9)+INDEX($W$8:$W$407,$AA9),"",IF(2=INDEX($X$8:$X$407,$AA9)+INDEX($V$8:$V$407,$AA9)+INDEX($W$8:$W$407,$AA9),"D",IF(AND(INDEX($W$8:$W$407,$AA9)=1,2=INDEX($X$8:$X$407,$AA9)+INDEX($V$8:$V$407,$AA9)),"S","R")))))) | AC9: =IF(OR($AB9="",$AB9="G"),"",IF($AB9="D",INDEX($U$8:$U$407,$AA9),IF($AB9="S",INDEX($T$8:$T$407,$AA9)&"|*",INDEX($S$8:$S$407,$AA9)&"|*"))) | AE9: =IF($U9="",0,COUNTIF(บันทึกรายเที่ยว!$T$6:$T$10005,$U9)) -> 0 | AF9: =IF($U9="",0,ROUND(SUMIF(บันทึกรายเที่ยว!$T$6:$T$10005,$U9,บันทึกรายเที่ยว!$J$6:$J$10005),2)) -> 0 | AG9: =IF($U9="",0,ROUND(SUMIF(บันทึกรายเที่ยว!$T$6:$T$10005,$U9,บันทึกรายเที่ยว!$K$6:$K$10005),2)) -> 0 | AH9: =IF($U9="",0,ROUND(SUMIF(บันทึกรายเที่ยว!$T$6:$T$10005,$U9,บันทึกรายเที่ยว!$M$6:$M$10005),2)) -> 0
A10: =IF($AB10="G","ผลรวมทั้งหมด",IF($AB10="R",INDEX($S$8:$S$407,$AA10),"")) | B10: =IF($AB10="S",INDEX($Y$8:$Y$407,$AA10),"") | C10: =IF($AB10="D",INDEX($Z$8:$Z$407,$AA10),"") | D10: =IF($AB10="G",SUM($AE$8:$AE$407),IF(OR($AB10="",$AB10="R"),"",IF($AB10="D",INDEX($AE$8:$AE$407,$AA10),SUMIF($T$8:$T$407,INDEX($T$8:$T$407,$AA10),$AE$8:$AE$407)))) | E10: =IF(3=$AD$1+3,"ขอแสดงความนับถือ",IF(3=$AD$1+6,"( )",IF(3=$AD$1+7,"เจ้าหน้าที่ขนส่ง",IF($AB10="G",SUM($AF$8:$AF$407),IF(OR($AB10="",$AB10="R"),"",IF($AB10="D",INDEX($AF$8:$AF$407,$AA10),SUMIF($T$8:$T$407,INDEX($T$8:$T$407,$AA10),$AF$8:$AF$407))))))) -> ขอแสดงความนับถือ | F10: =IF($AB10="G",SUM($AG$8:$AG$407),IF(OR($AB10="",$AB10="R"),"",IF($AB10="D",INDEX($AG$8:$AG$407,$AA10),SUMIF($T$8:$T$407,INDEX($T$8:$T$407,$AA10),$AG$8:$AG$407)))) | G10: =IF(OR($AB10="",$AB10="R"),"",ROUND($E10-$F10,2)) | H10: =IF($AB10="G",SUM($AH$8:$AH$407),IF(OR($AB10="",$AB10="R"),"",IF($AB10="D",INDEX($AH$8:$AH$407,$AA10),SUMIF($T$8:$T$407,INDEX($T$8:$T$407,$AA10),$AH$8:$AH$407)))) | I10: =IF(AND($I$3="(ทั้งหมด)",$I$5="(ทั้งหมด)",$I$7="(ทั้งหมด)"),IF(ROUND(SUM($AH$8:$AH$407),2)=ROUND(SUM(บันทึกรายเที่ยว!$M$6:$M$10005),2),"ยอดตรงกับรายเที่ยว","*** ยอดไม่ตรง ***"),"กำลังกรองอยู่ — ยอดเป็นเฉพาะที่กรอง") -> ยอดตรงกับรายเที่ยว | J10: =IFERROR(MATCH(3,บันทึกรายเที่ยว!$W$6:$W$10005,0),"") | K10: =IF($J10="","",INDEX(บันทึกรายเที่ยว!$T$6:$T$10005,$J10)) | L10: =IF($J10="","",INDEX(บันทึกรายเที่ยว!$S$6:$S$10005,$J10)) | M10: =IF($J10="","",INDEX(บันทึกรายเที่ยว!$R$6:$R$10005,$J10)) | N10: =IF($J10="","",MATCH($M10,บันทึกรายเที่ยว!$R$6:$R$10005,0)) | O10: =IF($J10="","",MATCH($L10,บันทึกรายเที่ยว!$S$6:$S$10005,0)) | P10: =IF($J10="","",IF(AND(OR($I$3="(ทั้งหมด)",INDEX(บันทึกรายเที่ยว!$C$6:$C$10005,$J10)=$I$3),OR($I$5="(ทั้งหมด)",INDEX(บันทึกรายเที่ยว!$D$6:$D$10005,$J10)=$I$5),OR($I$7="(ทั้งหมด)",INDEX(บันทึกรายเที่ยว!$F$6:$F$10005,$J10)=$I$7)),$N10*10000000+$O10*1000+3,"")) | Q10: =IFERROR(MATCH(SMALL($P$8:$P$407,3),$P$8:$P$407,0),"") | R10: =IF($Q10="","",INDEX($J$8:$J$407,$Q10)) | S10: =IF($Q10="","",INDEX($M$8:$M$407,$Q10)) | T10: =IF($Q10="","",INDEX($L$8:$L$407,$Q10)) | U10: =IF($Q10="","",INDEX($K$8:$K$407,$Q10)) | V10: =IF($Q10="",0,IF($S10<>$S9,1,0)) -> 0 | W10: =IF($Q10="",0,IF($T10<>$T9,1,0)) -> 0 | X10: =IF($Q10="",99999+3,$X9+1+$V9+$W9) -> 100002 | Y10: =IF($Q10="","",INDEX(บันทึกรายเที่ยว!$Q$6:$Q$10005,$R10)) | Z10: =IF($Q10="","",INDEX(บันทึกรายเที่ยว!$F$6:$F$10005,$R10)) | AA10: =IFERROR(MATCH(3,$X$8:$X$407,1),"") | AB10: =IF(3=$AD$1+1,"G",IF($AA10="","",IF(INDEX($Q$8:$Q$407,$AA10)="","",IF(3>INDEX($X$8:$X$407,$AA10)+INDEX($V$8:$V$407,$AA10)+INDEX($W$8:$W$407,$AA10),"",IF(3=INDEX($X$8:$X$407,$AA10)+INDEX($V$8:$V$407,$AA10)+INDEX($W$8:$W$407,$AA10),"D",IF(AND(INDEX($W$8:$W$407,$AA10)=1,3=INDEX($X$8:$X$407,$AA10)+INDEX($V$8:$V$407,$AA10)),"S","R")))))) | AC10: =IF(OR($AB10="",$AB10="G"),"",IF($AB10="D",INDEX($U$8:$U$407,$AA10),IF($AB10="S",INDEX($T$8:$T$407,$AA10)&"|*",INDEX($S$8:$S$407,$AA10)&"|*"))) | AE10: =IF($U10="",0,COUNTIF(บันทึกรายเที่ยว!$T$6:$T$10005,$U10)) -> 0 | AF10: =IF($U10="",0,ROUND(SUMIF(บันทึกรายเที่ยว!$T$6:$T$10005,$U10,บันทึกรายเที่ยว!$J$6:$J$10005),2)) -> 0 | AG10: =IF($U10="",0,ROUND(SUMIF(บันทึกรายเที่ยว!$T$6:$T$10005,$U10,บันทึกรายเที่ยว!$K$6:$K$10005),2)) -> 0 | AH10: =IF($U10="",0,ROUND(SUMIF(บันทึกรายเที่ยว!$T$6:$T$10005,$U10,บันทึกรายเที่ยว!$M$6:$M$10005),2)) -> 0
A11: =IF($AB11="G","ผลรวมทั้งหมด",IF($AB11="R",INDEX($S$8:$S$407,$AA11),"")) | B11: =IF($AB11="S",INDEX($Y$8:$Y$407,$AA11),"") | C11: =IF($AB11="D",INDEX($Z$8:$Z$407,$AA11),"") | D11: =IF($AB11="G",SUM($AE$8:$AE$407),IF(OR($AB11="",$AB11="R"),"",IF($AB11="D",INDEX($AE$8:$AE$407,$AA11),SUMIF($T$8:$T$407,INDEX($T$8:$T$407,$AA11),$AE$8:$AE$407)))) | E11: =IF(4=$AD$1+3,"ขอแสดงความนับถือ",IF(4=$AD$1+6,"( )",IF(4=$AD$1+7,"เจ้าหน้าที่ขนส่ง",IF($AB11="G",SUM($AF$8:$AF$407),IF(OR($AB11="",$AB11="R"),"",IF($AB11="D",INDEX($AF$8:$AF$407,$AA11),SUMIF($T$8:$T$407,INDEX($T$8:$T$407,$AA11),$AF$8:$AF$407))))))) | F11: =IF($AB11="G",SUM($AG$8:$AG$407),IF(OR($AB11="",$AB11="R"),"",IF($AB11="D",INDEX($AG$8:$AG$407,$AA11),SUMIF($T$8:$T$407,INDEX($T$8:$T$407,$AA11),$AG$8:$AG$407)))) | G11: =IF(OR($AB11="",$AB11="R"),"",ROUND($E11-$F11,2)) | H11: =IF($AB11="G",SUM($AH$8:$AH$407),IF(OR($AB11="",$AB11="R"),"",IF($AB11="D",INDEX($AH$8:$AH$407,$AA11),SUMIF($T$8:$T$407,INDEX($T$8:$T$407,$AA11),$AH$8:$AH$407)))) | I11: พื้นที่ตาราง | J11: =IFERROR(MATCH(4,บันทึกรายเที่ยว!$W$6:$W$10005,0),"") | K11: =IF($J11="","",INDEX(บันทึกรายเที่ยว!$T$6:$T$10005,$J11)) | L11: =IF($J11="","",INDEX(บันทึกรายเที่ยว!$S$6:$S$10005,$J11)) | M11: =IF($J11="","",INDEX(บันทึกรายเที่ยว!$R$6:$R$10005,$J11)) | N11: =IF($J11="","",MATCH($M11,บันทึกรายเที่ยว!$R$6:$R$10005,0)) | O11: =IF($J11="","",MATCH($L11,บันทึกรายเที่ยว!$S$6:$S$10005,0)) | P11: =IF($J11="","",IF(AND(OR($I$3="(ทั้งหมด)",INDEX(บันทึกรายเที่ยว!$C$6:$C$10005,$J11)=$I$3),OR($I$5="(ทั้งหมด)",INDEX(บันทึกรายเที่ยว!$D$6:$D$10005,$J11)=$I$5),OR($I$7="(ทั้งหมด)",INDEX(บันทึกรายเที่ยว!$F$6:$F$10005,$J11)=$I$7)),$N11*10000000+$O11*1000+4,"")) | Q11: =IFERROR(MATCH(SMALL($P$8:$P$407,4),$P$8:$P$407,0),"") | R11: =IF($Q11="","",INDEX($J$8:$J$407,$Q11)) | S11: =IF($Q11="","",INDEX($M$8:$M$407,$Q11)) | T11: =IF($Q11="","",INDEX($L$8:$L$407,$Q11)) | U11: =IF($Q11="","",INDEX($K$8:$K$407,$Q11)) | V11: =IF($Q11="",0,IF($S11<>$S10,1,0)) -> 0 | W11: =IF($Q11="",0,IF($T11<>$T10,1,0)) -> 0 | X11: =IF($Q11="",99999+4,$X10+1+$V10+$W10) -> 100003 | Y11: =IF($Q11="","",INDEX(บันทึกรายเที่ยว!$Q$6:$Q$10005,$R11)) | Z11: =IF($Q11="","",INDEX(บันทึกรายเที่ยว!$F$6:$F$10005,$R11)) | AA11: =IFERROR(MATCH(4,$X$8:$X$407,1),"") | AB11: =IF(4=$AD$1+1,"G",IF($AA11="","",IF(INDEX($Q$8:$Q$407,$AA11)="","",IF(4>INDEX($X$8:$X$407,$AA11)+INDEX($V$8:$V$407,$AA11)+INDEX($W$8:$W$407,$AA11),"",IF(4=INDEX($X$8:$X$407,$AA11)+INDEX($V$8:$V$407,$AA11)+INDEX($W$8:$W$407,$AA11),"D",IF(AND(INDEX($W$8:$W$407,$AA11)=1,4=INDEX($X$8:$X$407,$AA11)+INDEX($V$8:$V$407,$AA11)),"S","R")))))) | AC11: =IF(OR($AB11="",$AB11="G"),"",IF($AB11="D",INDEX($U$8:$U$407,$AA11),IF($AB11="S",INDEX($T$8:$T$407,$AA11)&"|*",INDEX($S$8:$S$407,$AA11)&"|*"))) | AE11: =IF($U11="",0,COUNTIF(บันทึกรายเที่ยว!$T$6:$T$10005,$U11)) -> 0 | AF11: =IF($U11="",0,ROUND(SUMIF(บันทึกรายเที่ยว!$T$6:$T$10005,$U11,บันทึกรายเที่ยว!$J$6:$J$10005),2)) -> 0 | AG11: =IF($U11="",0,ROUND(SUMIF(บันทึกรายเที่ยว!$T$6:$T$10005,$U11,บันทึกรายเที่ยว!$K$6:$K$10005),2)) -> 0 | AH11: =IF($U11="",0,ROUND(SUMIF(บันทึกรายเที่ยว!$T$6:$T$10005,$U11,บันทึกรายเที่ยว!$M$6:$M$10005),2)) -> 0
A12: =IF($AB12="G","ผลรวมทั้งหมด",IF($AB12="R",INDEX($S$8:$S$407,$AA12),"")) | B12: =IF($AB12="S",INDEX($Y$8:$Y$407,$AA12),"") | C12: =IF($AB12="D",INDEX($Z$8:$Z$407,$AA12),"") | D12: =IF($AB12="G",SUM($AE$8:$AE$407),IF(OR($AB12="",$AB12="R"),"",IF($AB12="D",INDEX($AE$8:$AE$407,$AA12),SUMIF($T$8:$T$407,INDEX($T$8:$T$407,$AA12),$AE$8:$AE$407)))) | E12: =IF(5=$AD$1+3,"ขอแสดงความนับถือ",IF(5=$AD$1+6,"( )",IF(5=$AD$1+7,"เจ้าหน้าที่ขนส่ง",IF($AB12="G",SUM($AF$8:$AF$407),IF(OR($AB12="",$AB12="R"),"",IF($AB12="D",INDEX($AF$8:$AF$407,$AA12),SUMIF($T$8:$T$407,INDEX($T$8:$T$407,$AA12),$AF$8:$AF$407))))))) | F12: =IF($AB12="G",SUM($AG$8:$AG$407),IF(OR($AB12="",$AB12="R"),"",IF($AB12="D",INDEX($AG$8:$AG$407,$AA12),SUMIF($T$8:$T$407,INDEX($T$8:$T$407,$AA12),$AG$8:$AG$407)))) | G12: =IF(OR($AB12="",$AB12="R"),"",ROUND($E12-$F12,2)) | H12: =IF($AB12="G",SUM($AH$8:$AH$407),IF(OR($AB12="",$AB12="R"),"",IF($AB12="D",INDEX($AH$8:$AH$407,$AA12),SUMIF($T$8:$T$407,INDEX($T$8:$T$407,$AA12),$AH$8:$AH$407)))) | I12: =IF($AB$707<>"","*** บรรทัดไม่พอ แยกไฟล์ ***",IF($AD$1+7>200,"*** ยาวกว่าพื้นที่พิมพ์ ตั้ง Print Area ใหม่ ***","เพียงพอ")) -> เพียงพอ | J12: =IFERROR(MATCH(5,บันทึกรายเที่ยว!$W$6:$W$10005,0),"") | K12: =IF($J12="","",INDEX(บันทึกรายเที่ยว!$T$6:$T$10005,$J12)) | L12: =IF($J12="","",INDEX(บันทึกรายเที่ยว!$S$6:$S$10005,$J12)) | M12: =IF($J12="","",INDEX(บันทึกรายเที่ยว!$R$6:$R$10005,$J12)) | N12: =IF($J12="","",MATCH($M12,บันทึกรายเที่ยว!$R$6:$R$10005,0)) | O12: =IF($J12="","",MATCH($L12,บันทึกรายเที่ยว!$S$6:$S$10005,0)) | P12: =IF($J12="","",IF(AND(OR($I$3="(ทั้งหมด)",INDEX(บันทึกรายเที่ยว!$C$6:$C$10005,$J12)=$I$3),OR($I$5="(ทั้งหมด)",INDEX(บันทึกรายเที่ยว!$D$6:$D$10005,$J12)=$I$5),OR($I$7="(ทั้งหมด)",INDEX(บันทึกรายเที่ยว!$F$6:$F$10005,$J12)=$I$7)),$N12*10000000+$O12*1000+5,"")) | Q12: =IFERROR(MATCH(SMALL($P$8:$P$407,5),$P$8:$P$407,0),"") | R12: =IF($Q12="","",INDEX($J$8:$J$407,$Q12)) | S12: =IF($Q12="","",INDEX($M$8:$M$407,$Q12)) | T12: =IF($Q12="","",INDEX($L$8:$L$407,$Q12)) | U12: =IF($Q12="","",INDEX($K$8:$K$407,$Q12)) | V12: =IF($Q12="",0,IF($S12<>$S11,1,0)) -> 0 | W12: =IF($Q12="",0,IF($T12<>$T11,1,0)) -> 0 | X12: =IF($Q12="",99999+5,$X11+1+$V11+$W11) -> 100004 | Y12: =IF($Q12="","",INDEX(บันทึกรายเที่ยว!$Q$6:$Q$10005,$R12)) | Z12: =IF($Q12="","",INDEX(บันทึกรายเที่ยว!$F$6:$F$10005,$R12)) | AA12: =IFERROR(MATCH(5,$X$8:$X$407,1),"") | AB12: =IF(5=$AD$1+1,"G",IF($AA12="","",IF(INDEX($Q$8:$Q$407,$AA12)="","",IF(5>INDEX($X$8:$X$407,$AA12)+INDEX($V$8:$V$407,$AA12)+INDEX($W$8:$W$407,$AA12),"",IF(5=INDEX($X$8:$X$407,$AA12)+INDEX($V$8:$V$407,$AA12)+INDEX($W$8:$W$407,$AA12),"D",IF(AND(INDEX($W$8:$W$407,$AA12)=1,5=INDEX($X$8:$X$407,$AA12)+INDEX($V$8:$V$407,$AA12)),"S","R")))))) | AC12: =IF(OR($AB12="",$AB12="G"),"",IF($AB12="D",INDEX($U$8:$U$407,$AA12),IF($AB12="S",INDEX($T$8:$T$407,$AA12)&"|*",INDEX($S$8:$S$407,$AA12)&"|*"))) | AE12: =IF($U12="",0,COUNTIF(บันทึกรายเที่ยว!$T$6:$T$10005,$U12)) -> 0 | AF12: =IF($U12="",0,ROUND(SUMIF(บันทึกรายเที่ยว!$T$6:$T$10005,$U12,บันทึกรายเที่ยว!$J$6:$J$10005),2)) -> 0 | AG12: =IF($U12="",0,ROUND(SUMIF(บันทึกรายเที่ยว!$T$6:$T$10005,$U12,บันทึกรายเที่ยว!$K$6:$K$10005),2)) -> 0 | AH12: =IF($U12="",0,ROUND(SUMIF(บันทึกรายเที่ยว!$T$6:$T$10005,$U12,บันทึกรายเที่ยว!$M$6:$M$10005),2)) -> 0
A13: =IF($AB13="G","ผลรวมทั้งหมด",IF($AB13="R",INDEX($S$8:$S$407,$AA13),"")) | B13: =IF($AB13="S",INDEX($Y$8:$Y$407,$AA13),"") | C13: =IF($AB13="D",INDEX($Z$8:$Z$407,$AA13),"") | D13: =IF($AB13="G",SUM($AE$8:$AE$407),IF(OR($AB13="",$AB13="R"),"",IF($AB13="D",INDEX($AE$8:$AE$407,$AA13),SUMIF($T$8:$T$407,INDEX($T$8:$T$407,$AA13),$AE$8:$AE$407)))) | E13: =IF(6=$AD$1+3,"ขอแสดงความนับถือ",IF(6=$AD$1+6,"( )",IF(6=$AD$1+7,"เจ้าหน้าที่ขนส่ง",IF($AB13="G",SUM($AF$8:$AF$407),IF(OR($AB13="",$AB13="R"),"",IF($AB13="D",INDEX($AF$8:$AF$407,$AA13),SUMIF($T$8:$T$407,INDEX($T$8:$T$407,$AA13),$AF$8:$AF$407))))))) -> ( ) | F13: =IF($AB13="G",SUM($AG$8:$AG$407),IF(OR($AB13="",$AB13="R"),"",IF($AB13="D",INDEX($AG$8:$AG$407,$AA13),SUMIF($T$8:$T$407,INDEX($T$8:$T$407,$AA13),$AG$8:$AG$407)))) | G13: =IF(OR($AB13="",$AB13="R"),"",ROUND($E13-$F13,2)) | H13: =IF($AB13="G",SUM($AH$8:$AH$407),IF(OR($AB13="",$AB13="R"),"",IF($AB13="D",INDEX($AH$8:$AH$407,$AA13),SUMIF($T$8:$T$407,INDEX($T$8:$T$407,$AA13),$AH$8:$AH$407)))) | I13: ช่วงพิมพ์ที่พอดี | J13: =IFERROR(MATCH(6,บันทึกรายเที่ยว!$W$6:$W$10005,0),"") | K13: =IF($J13="","",INDEX(บันทึกรายเที่ยว!$T$6:$T$10005,$J13)) | L13: =IF($J13="","",INDEX(บันทึกรายเที่ยว!$S$6:$S$10005,$J13)) | M13: =IF($J13="","",INDEX(บันทึกรายเที่ยว!$R$6:$R$10005,$J13)) | N13: =IF($J13="","",MATCH($M13,บันทึกรายเที่ยว!$R$6:$R$10005,0)) | O13: =IF($J13="","",MATCH($L13,บันทึกรายเที่ยว!$S$6:$S$10005,0)) | P13: =IF($J13="","",IF(AND(OR($I$3="(ทั้งหมด)",INDEX(บันทึกรายเที่ยว!$C$6:$C$10005,$J13)=$I$3),OR($I$5="(ทั้งหมด)",INDEX(บันทึกรายเที่ยว!$D$6:$D$10005,$J13)=$I$5),OR($I$7="(ทั้งหมด)",INDEX(บันทึกรายเที่ยว!$F$6:$F$10005,$J13)=$I$7)),$N13*10000000+$O13*1000+6,"")) | Q13: =IFERROR(MATCH(SMALL($P$8:$P$407,6),$P$8:$P$407,0),"") | R13: =IF($Q13="","",INDEX($J$8:$J$407,$Q13)) | S13: =IF($Q13="","",INDEX($M$8:$M$407,$Q13)) | T13: =IF($Q13="","",INDEX($L$8:$L$407,$Q13)) | U13: =IF($Q13="","",INDEX($K$8:$K$407,$Q13)) | V13: =IF($Q13="",0,IF($S13<>$S12,1,0)) -> 0 | W13: =IF($Q13="",0,IF($T13<>$T12,1,0)) -> 0 | X13: =IF($Q13="",99999+6,$X12+1+$V12+$W12) -> 100005 | Y13: =IF($Q13="","",INDEX(บันทึกรายเที่ยว!$Q$6:$Q$10005,$R13)) | Z13: =IF($Q13="","",INDEX(บันทึกรายเที่ยว!$F$6:$F$10005,$R13)) | AA13: =IFERROR(MATCH(6,$X$8:$X$407,1),"") | AB13: =IF(6=$AD$1+1,"G",IF($AA13="","",IF(INDEX($Q$8:$Q$407,$AA13)="","",IF(6>INDEX($X$8:$X$407,$AA13)+INDEX($V$8:$V$407,$AA13)+INDEX($W$8:$W$407,$AA13),"",IF(6=INDEX($X$8:$X$407,$AA13)+INDEX($V$8:$V$407,$AA13)+INDEX($W$8:$W$407,$AA13),"D",IF(AND(INDEX($W$8:$W$407,$AA13)=1,6=INDEX($X$8:$X$407,$AA13)+INDEX($V$8:$V$407,$AA13)),"S","R")))))) | AC13: =IF(OR($AB13="",$AB13="G"),"",IF($AB13="D",INDEX($U$8:$U$407,$AA13),IF($AB13="S",INDEX($T$8:$T$407,$AA13)&"|*",INDEX($S$8:$S$407,$AA13)&"|*"))) | AE13: =IF($U13="",0,COUNTIF(บันทึกรายเที่ยว!$T$6:$T$10005,$U13)) -> 0 | AF13: =IF($U13="",0,ROUND(SUMIF(บันทึกรายเที่ยว!$T$6:$T$10005,$U13,บันทึกรายเที่ยว!$J$6:$J$10005),2)) -> 0 | AG13: =IF($U13="",0,ROUND(SUMIF(บันทึกรายเที่ยว!$T$6:$T$10005,$U13,บันทึกรายเที่ยว!$K$6:$K$10005),2)) -> 0 | AH13: =IF($U13="",0,ROUND(SUMIF(บันทึกรายเที่ยว!$T$6:$T$10005,$U13,บันทึกรายเที่ยว!$M$6:$M$10005),2)) -> 0
A14: =IF($AB14="G","ผลรวมทั้งหมด",IF($AB14="R",INDEX($S$8:$S$407,$AA14),"")) | B14: =IF($AB14="S",INDEX($Y$8:$Y$407,$AA14),"") | C14: =IF($AB14="D",INDEX($Z$8:$Z$407,$AA14),"") | D14: =IF($AB14="G",SUM($AE$8:$AE$407),IF(OR($AB14="",$AB14="R"),"",IF($AB14="D",INDEX($AE$8:$AE$407,$AA14),SUMIF($T$8:$T$407,INDEX($T$8:$T$407,$AA14),$AE$8:$AE$407)))) | E14: =IF(7=$AD$1+3,"ขอแสดงความนับถือ",IF(7=$AD$1+6,"( )",IF(7=$AD$1+7,"เจ้าหน้าที่ขนส่ง",IF($AB14="G",SUM($AF$8:$AF$407),IF(OR($AB14="",$AB14="R"),"",IF($AB14="D",INDEX($AF$8:$AF$407,$AA14),SUMIF($T$8:$T$407,INDEX($T$8:$T$407,$AA14),$AF$8:$AF$407))))))) -> เจ้าหน้าที่ขนส่ง | F14: =IF($AB14="G",SUM($AG$8:$AG$407),IF(OR($AB14="",$AB14="R"),"",IF($AB14="D",INDEX($AG$8:$AG$407,$AA14),SUMIF($T$8:$T$407,INDEX($T$8:$T$407,$AA14),$AG$8:$AG$407)))) | G14: =IF(OR($AB14="",$AB14="R"),"",ROUND($E14-$F14,2)) | H14: =IF($AB14="G",SUM($AH$8:$AH$407),IF(OR($AB14="",$AB14="R"),"",IF($AB14="D",INDEX($AH$8:$AH$407,$AA14),SUMIF($T$8:$T$407,INDEX($T$8:$T$407,$AA14),$AH$8:$AH$407)))) | I14: ="A1:H"&(8-1+$AD$1+7) -> A1:H14 | J14: =IFERROR(MATCH(7,บันทึกรายเที่ยว!$W$6:$W$10005,0),"") | K14: =IF($J14="","",INDEX(บันทึกรายเที่ยว!$T$6:$T$10005,$J14)) | L14: =IF($J14="","",INDEX(บันทึกรายเที่ยว!$S$6:$S$10005,$J14)) | M14: =IF($J14="","",INDEX(บันทึกรายเที่ยว!$R$6:$R$10005,$J14)) | N14: =IF($J14="","",MATCH($M14,บันทึกรายเที่ยว!$R$6:$R$10005,0)) | O14: =IF($J14="","",MATCH($L14,บันทึกรายเที่ยว!$S$6:$S$10005,0)) | P14: =IF($J14="","",IF(AND(OR($I$3="(ทั้งหมด)",INDEX(บันทึกรายเที่ยว!$C$6:$C$10005,$J14)=$I$3),OR($I$5="(ทั้งหมด)",INDEX(บันทึกรายเที่ยว!$D$6:$D$10005,$J14)=$I$5),OR($I$7="(ทั้งหมด)",INDEX(บันทึกรายเที่ยว!$F$6:$F$10005,$J14)=$I$7)),$N14*10000000+$O14*1000+7,"")) | Q14: =IFERROR(MATCH(SMALL($P$8:$P$407,7),$P$8:$P$407,0),"") | R14: =IF($Q14="","",INDEX($J$8:$J$407,$Q14)) | S14: =IF($Q14="","",INDEX($M$8:$M$407,$Q14)) | T14: =IF($Q14="","",INDEX($L$8:$L$407,$Q14)) | U14: =IF($Q14="","",INDEX($K$8:$K$407,$Q14)) | V14: =IF($Q14="",0,IF($S14<>$S13,1,0)) -> 0 | W14: =IF($Q14="",0,IF($T14<>$T13,1,0)) -> 0 | X14: =IF($Q14="",99999+7,$X13+1+$V13+$W13) -> 100006 | Y14: =IF($Q14="","",INDEX(บันทึกรายเที่ยว!$Q$6:$Q$10005,$R14)) | Z14: =IF($Q14="","",INDEX(บันทึกรายเที่ยว!$F$6:$F$10005,$R14)) | AA14: =IFERROR(MATCH(7,$X$8:$X$407,1),"") | AB14: =IF(7=$AD$1+1,"G",IF($AA14="","",IF(INDEX($Q$8:$Q$407,$AA14)="","",IF(7>INDEX($X$8:$X$407,$AA14)+INDEX($V$8:$V$407,$AA14)+INDEX($W$8:$W$407,$AA14),"",IF(7=INDEX($X$8:$X$407,$AA14)+INDEX($V$8:$V$407,$AA14)+INDEX($W$8:$W$407,$AA14),"D",IF(AND(INDEX($W$8:$W$407,$AA14)=1,7=INDEX($X$8:$X$407,$AA14)+INDEX($V$8:$V$407,$AA14)),"S","R")))))) | AC14: =IF(OR($AB14="",$AB14="G"),"",IF($AB14="D",INDEX($U$8:$U$407,$AA14),IF($AB14="S",INDEX($T$8:$T$407,$AA14)&"|*",INDEX($S$8:$S$407,$AA14)&"|*"))) | AE14: =IF($U14="",0,COUNTIF(บันทึกรายเที่ยว!$T$6:$T$10005,$U14)) -> 0 | AF14: =IF($U14="",0,ROUND(SUMIF(บันทึกรายเที่ยว!$T$6:$T$10005,$U14,บันทึกรายเที่ยว!$J$6:$J$10005),2)) -> 0 | AG14: =IF($U14="",0,ROUND(SUMIF(บันทึกรายเที่ยว!$T$6:$T$10005,$U14,บันทึกรายเที่ยว!$K$6:$K$10005),2)) -> 0 | AH14: =IF($U14="",0,ROUND(SUMIF(บันทึกรายเที่ยว!$T$6:$T$10005,$U14,บันทึกรายเที่ยว!$M$6:$M$10005),2)) -> 0
A15: =IF($AB15="G","ผลรวมทั้งหมด",IF($AB15="R",INDEX($S$8:$S$407,$AA15),"")) | B15: =IF($AB15="S",INDEX($Y$8:$Y$407,$AA15),"") | C15: =IF($AB15="D",INDEX($Z$8:$Z$407,$AA15),"") | D15: =IF($AB15="G",SUM($AE$8:$AE$407),IF(OR($AB15="",$AB15="R"),"",IF($AB15="D",INDEX($AE$8:$AE$407,$AA15),SUMIF($T$8:$T$407,INDEX($T$8:$T$407,$AA15),$AE$8:$AE$407)))) | E15: =IF(8=$AD$1+3,"ขอแสดงความนับถือ",IF(8=$AD$1+6,"( )",IF(8=$AD$1+7,"เจ้าหน้าที่ขนส่ง",IF($AB15="G",SUM($AF$8:$AF$407),IF(OR($AB15="",$AB15="R"),"",IF($AB15="D",INDEX($AF$8:$AF$407,$AA15),SUMIF($T$8:$T$407,INDEX($T$8:$T$407,$AA15),$AF$8:$AF$407))))))) | F15: =IF($AB15="G",SUM($AG$8:$AG$407),IF(OR($AB15="",$AB15="R"),"",IF($AB15="D",INDEX($AG$8:$AG$407,$AA15),SUMIF($T$8:$T$407,INDEX($T$8:$T$407,$AA15),$AG$8:$AG$407)))) | G15: =IF(OR($AB15="",$AB15="R"),"",ROUND($E15-$F15,2)) | H15: =IF($AB15="G",SUM($AH$8:$AH$407),IF(OR($AB15="",$AB15="R"),"",IF($AB15="D",INDEX($AH$8:$AH$407,$AA15),SUMIF($T$8:$T$407,INDEX($T$8:$T$407,$AA15),$AH$8:$AH$407)))) | J15: =IFERROR(MATCH(8,บันทึกรายเที่ยว!$W$6:$W$10005,0),"") | K15: =IF($J15="","",INDEX(บันทึกรายเที่ยว!$T$6:$T$10005,$J15)) | L15: =IF($J15="","",INDEX(บันทึกรายเที่ยว!$S$6:$S$10005,$J15)) | M15: =IF($J15="","",INDEX(บันทึกรายเที่ยว!$R$6:$R$10005,$J15)) | N15: =IF($J15="","",MATCH($M15,บันทึกรายเที่ยว!$R$6:$R$10005,0)) | O15: =IF($J15="","",MATCH($L15,บันทึกรายเที่ยว!$S$6:$S$10005,0)) | P15: =IF($J15="","",IF(AND(OR($I$3="(ทั้งหมด)",INDEX(บันทึกรายเที่ยว!$C$6:$C$10005,$J15)=$I$3),OR($I$5="(ทั้งหมด)",INDEX(บันทึกรายเที่ยว!$D$6:$D$10005,$J15)=$I$5),OR($I$7="(ทั้งหมด)",INDEX(บันทึกรายเที่ยว!$F$6:$F$10005,$J15)=$I$7)),$N15*10000000+$O15*1000+8,"")) | Q15: =IFERROR(MATCH(SMALL($P$8:$P$407,8),$P$8:$P$407,0),"") | R15: =IF($Q15="","",INDEX($J$8:$J$407,$Q15)) | S15: =IF($Q15="","",INDEX($M$8:$M$407,$Q15)) | T15: =IF($Q15="","",INDEX($L$8:$L$407,$Q15)) | U15: =IF($Q15="","",INDEX($K$8:$K$407,$Q15)) | V15: =IF($Q15="",0,IF($S15<>$S14,1,0)) -> 0 | W15: =IF($Q15="",0,IF($T15<>$T14,1,0)) -> 0 | X15: =IF($Q15="",99999+8,$X14+1+$V14+$W14) -> 100007 | Y15: =IF($Q15="","",INDEX(บันทึกรายเที่ยว!$Q$6:$Q$10005,$R15)) | Z15: =IF($Q15="","",INDEX(บันทึกรายเที่ยว!$F$6:$F$10005,$R15)) | AA15: =IFERROR(MATCH(8,$X$8:$X$407,1),"") | AB15: =IF(8=$AD$1+1,"G",IF($AA15="","",IF(INDEX($Q$8:$Q$407,$AA15)="","",IF(8>INDEX($X$8:$X$407,$AA15)+INDEX($V$8:$V$407,$AA15)+INDEX($W$8:$W$407,$AA15),"",IF(8=INDEX($X$8:$X$407,$AA15)+INDEX($V$8:$V$407,$AA15)+INDEX($W$8:$W$407,$AA15),"D",IF(AND(INDEX($W$8:$W$407,$AA15)=1,8=INDEX($X$8:$X$407,$AA15)+INDEX($V$8:$V$407,$AA15)),"S","R")))))) | AC15: =IF(OR($AB15="",$AB15="G"),"",IF($AB15="D",INDEX($U$8:$U$407,$AA15),IF($AB15="S",INDEX($T$8:$T$407,$AA15)&"|*",INDEX($S$8:$S$407,$AA15)&"|*"))) | AE15: =IF($U15="",0,COUNTIF(บันทึกรายเที่ยว!$T$6:$T$10005,$U15)) -> 0 | AF15: =IF($U15="",0,ROUND(SUMIF(บันทึกรายเที่ยว!$T$6:$T$10005,$U15,บันทึกรายเที่ยว!$J$6:$J$10005),2)) -> 0 | AG15: =IF($U15="",0,ROUND(SUMIF(บันทึกรายเที่ยว!$T$6:$T$10005,$U15,บันทึกรายเที่ยว!$K$6:$K$10005),2)) -> 0 | AH15: =IF($U15="",0,ROUND(SUMIF(บันทึกรายเที่ยว!$T$6:$T$10005,$U15,บันทึกรายเที่ยว!$M$6:$M$10005),2)) -> 0
A16: =IF($AB16="G","ผลรวมทั้งหมด",IF($AB16="R",INDEX($S$8:$S$407,$AA16),"")) | B16: =IF($AB16="S",INDEX($Y$8:$Y$407,$AA16),"") | C16: =IF($AB16="D",INDEX($Z$8:$Z$407,$AA16),"") | D16: =IF($AB16="G",SUM($AE$8:$AE$407),IF(OR($AB16="",$AB16="R"),"",IF($AB16="D",INDEX($AE$8:$AE$407,$AA16),SUMIF($T$8:$T$407,INDEX($T$8:$T$407,$AA16),$AE$8:$AE$407)))) | E16: =IF(9=$AD$1+3,"ขอแสดงความนับถือ",IF(9=$AD$1+6,"( )",IF(9=$AD$1+7,"เจ้าหน้าที่ขนส่ง",IF($AB16="G",SUM($AF$8:$AF$407),IF(OR($AB16="",$AB16="R"),"",IF($AB16="D",INDEX($AF$8:$AF$407,$AA16),SUMIF($T$8:$T$407,INDEX($T$8:$T$407,$AA16),$AF$8:$AF$407))))))) | F16: =IF($AB16="G",SUM($AG$8:$AG$407),IF(OR($AB16="",$AB16="R"),"",IF($AB16="D",INDEX($AG$8:$AG$407,$AA16),SUMIF($T$8:$T$407,INDEX($T$8:$T$407,$AA16),$AG$8:$AG$407)))) | G16: =IF(OR($AB16="",$AB16="R"),"",ROUND($E16-$F16,2)) | H16: =IF($AB16="G",SUM($AH$8:$AH$407),IF(OR($AB16="",$AB16="R"),"",IF($AB16="D",INDEX($AH$8:$AH$407,$AA16),SUMIF($T$8:$T$407,INDEX($T$8:$T$407,$AA16),$AH$8:$AH$407)))) | J16: =IFERROR(MATCH(9,บันทึกรายเที่ยว!$W$6:$W$10005,0),"") | K16: =IF($J16="","",INDEX(บันทึกรายเที่ยว!$T$6:$T$10005,$J16)) | L16: =IF($J16="","",INDEX(บันทึกรายเที่ยว!$S$6:$S$10005,$J16)) | M16: =IF($J16="","",INDEX(บันทึกรายเที่ยว!$R$6:$R$10005,$J16)) | N16: =IF($J16="","",MATCH($M16,บันทึกรายเที่ยว!$R$6:$R$10005,0)) | O16: =IF($J16="","",MATCH($L16,บันทึกรายเที่ยว!$S$6:$S$10005,0)) | P16: =IF($J16="","",IF(AND(OR($I$3="(ทั้งหมด)",INDEX(บันทึกรายเที่ยว!$C$6:$C$10005,$J16)=$I$3),OR($I$5="(ทั้งหมด)",INDEX(บันทึกรายเที่ยว!$D$6:$D$10005,$J16)=$I$5),OR($I$7="(ทั้งหมด)",INDEX(บันทึกรายเที่ยว!$F$6:$F$10005,$J16)=$I$7)),$N16*10000000+$O16*1000+9,"")) | Q16: =IFERROR(MATCH(SMALL($P$8:$P$407,9),$P$8:$P$407,0),"") | R16: =IF($Q16="","",INDEX($J$8:$J$407,$Q16)) | S16: =IF($Q16="","",INDEX($M$8:$M$407,$Q16)) | T16: =IF($Q16="","",INDEX($L$8:$L$407,$Q16)) | U16: =IF($Q16="","",INDEX($K$8:$K$407,$Q16)) | V16: =IF($Q16="",0,IF($S16<>$S15,1,0)) -> 0 | W16: =IF($Q16="",0,IF($T16<>$T15,1,0)) -> 0 | X16: =IF($Q16="",99999+9,$X15+1+$V15+$W15) -> 100008 | Y16: =IF($Q16="","",INDEX(บันทึกรายเที่ยว!$Q$6:$Q$10005,$R16)) | Z16: =IF($Q16="","",INDEX(บันทึกรายเที่ยว!$F$6:$F$10005,$R16)) | AA16: =IFERROR(MATCH(9,$X$8:$X$407,1),"") | AB16: =IF(9=$AD$1+1,"G",IF($AA16="","",IF(INDEX($Q$8:$Q$407,$AA16)="","",IF(9>INDEX($X$8:$X$407,$AA16)+INDEX($V$8:$V$407,$AA16)+INDEX($W$8:$W$407,$AA16),"",IF(9=INDEX($X$8:$X$407,$AA16)+INDEX($V$8:$V$407,$AA16)+INDEX($W$8:$W$407,$AA16),"D",IF(AND(INDEX($W$8:$W$407,$AA16)=1,9=INDEX($X$8:$X$407,$AA16)+INDEX($V$8:$V$407,$AA16)),"S","R")))))) | AC16: =IF(OR($AB16="",$AB16="G"),"",IF($AB16="D",INDEX($U$8:$U$407,$AA16),IF($AB16="S",INDEX($T$8:$T$407,$AA16)&"|*",INDEX($S$8:$S$407,$AA16)&"|*"))) | AE16: =IF($U16="",0,COUNTIF(บันทึกรายเที่ยว!$T$6:$T$10005,$U16)) -> 0 | AF16: =IF($U16="",0,ROUND(SUMIF(บันทึกรายเที่ยว!$T$6:$T$10005,$U16,บันทึกรายเที่ยว!$J$6:$J$10005),2)) -> 0 | AG16: =IF($U16="",0,ROUND(SUMIF(บันทึกรายเที่ยว!$T$6:$T$10005,$U16,บันทึกรายเที่ยว!$K$6:$K$10005),2)) -> 0 | AH16: =IF($U16="",0,ROUND(SUMIF(บันทึกรายเที่ยว!$T$6:$T$10005,$U16,บันทึกรายเที่ยว!$M$6:$M$10005),2)) -> 0
A17: =IF($AB17="G","ผลรวมทั้งหมด",IF($AB17="R",INDEX($S$8:$S$407,$AA17),"")) | B17: =IF($AB17="S",INDEX($Y$8:$Y$407,$AA17),"") | C17: =IF($AB17="D",INDEX($Z$8:$Z$407,$AA17),"") | D17: =IF($AB17="G",SUM($AE$8:$AE$407),IF(OR($AB17="",$AB17="R"),"",IF($AB17="D",INDEX($AE$8:$AE$407,$AA17),SUMIF($T$8:$T$407,INDEX($T$8:$T$407,$AA17),$AE$8:$AE$407)))) | E17: =IF(10=$AD$1+3,"ขอแสดงความนับถือ",IF(10=$AD$1+6,"( )",IF(10=$AD$1+7,"เจ้าหน้าที่ขนส่ง",IF($AB17="G",SUM($AF$8:$AF$407),IF(OR($AB17="",$AB17="R"),"",IF($AB17="D",INDEX($AF$8:$AF$407,$AA17),SUMIF($T$8:$T$407,INDEX($T$8:$T$407,$AA17),$AF$8:$AF$407))))))) | F17: =IF($AB17="G",SUM($AG$8:$AG$407),IF(OR($AB17="",$AB17="R"),"",IF($AB17="D",INDEX($AG$8:$AG$407,$AA17),SUMIF($T$8:$T$407,INDEX($T$8:$T$407,$AA17),$AG$8:$AG$407)))) | G17: =IF(OR($AB17="",$AB17="R"),"",ROUND($E17-$F17,2)) | H17: =IF($AB17="G",SUM($AH$8:$AH$407),IF(OR($AB17="",$AB17="R"),"",IF($AB17="D",INDEX($AH$8:$AH$407,$AA17),SUMIF($T$8:$T$407,INDEX($T$8:$T$407,$AA17),$AH$8:$AH$407)))) | J17: =IFERROR(MATCH(10,บันทึกรายเที่ยว!$W$6:$W$10005,0),"") | K17: =IF($J17="","",INDEX(บันทึกรายเที่ยว!$T$6:$T$10005,$J17)) | L17: =IF($J17="","",INDEX(บันทึกรายเที่ยว!$S$6:$S$10005,$J17)) | M17: =IF($J17="","",INDEX(บันทึกรายเที่ยว!$R$6:$R$10005,$J17)) | N17: =IF($J17="","",MATCH($M17,บันทึกรายเที่ยว!$R$6:$R$10005,0)) | O17: =IF($J17="","",MATCH($L17,บันทึกรายเที่ยว!$S$6:$S$10005,0)) | P17: =IF($J17="","",IF(AND(OR($I$3="(ทั้งหมด)",INDEX(บันทึกรายเที่ยว!$C$6:$C$10005,$J17)=$I$3),OR($I$5="(ทั้งหมด)",INDEX(บันทึกรายเที่ยว!$D$6:$D$10005,$J17)=$I$5),OR($I$7="(ทั้งหมด)",INDEX(บันทึกรายเที่ยว!$F$6:$F$10005,$J17)=$I$7)),$N17*10000000+$O17*1000+10,"")) | Q17: =IFERROR(MATCH(SMALL($P$8:$P$407,10),$P$8:$P$407,0),"") | R17: =IF($Q17="","",INDEX($J$8:$J$407,$Q17)) | S17: =IF($Q17="","",INDEX($M$8:$M$407,$Q17)) | T17: =IF($Q17="","",INDEX($L$8:$L$407,$Q17)) | U17: =IF($Q17="","",INDEX($K$8:$K$407,$Q17)) | V17: =IF($Q17="",0,IF($S17<>$S16,1,0)) -> 0 | W17: =IF($Q17="",0,IF($T17<>$T16,1,0)) -> 0 | X17: =IF($Q17="",99999+10,$X16+1+$V16+$W16) -> 100009 | Y17: =IF($Q17="","",INDEX(บันทึกรายเที่ยว!$Q$6:$Q$10005,$R17)) | Z17: =IF($Q17="","",INDEX(บันทึกรายเที่ยว!$F$6:$F$10005,$R17)) | AA17: =IFERROR(MATCH(10,$X$8:$X$407,1),"") | AB17: =IF(10=$AD$1+1,"G",IF($AA17="","",IF(INDEX($Q$8:$Q$407,$AA17)="","",IF(10>INDEX($X$8:$X$407,$AA17)+INDEX($V$8:$V$407,$AA17)+INDEX($W$8:$W$407,$AA17),"",IF(10=INDEX($X$8:$X$407,$AA17)+INDEX($V$8:$V$407,$AA17)+INDEX($W$8:$W$407,$AA17),"D",IF(AND(INDEX($W$8:$W$407,$AA17)=1,10=INDEX($X$8:$X$407,$AA17)+INDEX($V$8:$V$407,$AA17)),"S","R")))))) | AC17: =IF(OR($AB17="",$AB17="G"),"",IF($AB17="D",INDEX($U$8:$U$407,$AA17),IF($AB17="S",INDEX($T$8:$T$407,$AA17)&"|*",INDEX($S$8:$S$407,$AA17)&"|*"))) | AE17: =IF($U17="",0,COUNTIF(บันทึกรายเที่ยว!$T$6:$T$10005,$U17)) -> 0 | AF17: =IF($U17="",0,ROUND(SUMIF(บันทึกรายเที่ยว!$T$6:$T$10005,$U17,บันทึกรายเที่ยว!$J$6:$J$10005),2)) -> 0 | AG17: =IF($U17="",0,ROUND(SUMIF(บันทึกรายเที่ยว!$T$6:$T$10005,$U17,บันทึกรายเที่ยว!$K$6:$K$10005),2)) -> 0 | AH17: =IF($U17="",0,ROUND(SUMIF(บันทึกรายเที่ยว!$T$6:$T$10005,$U17,บันทึกรายเที่ยว!$M$6:$M$10005),2)) -> 0
A18: =IF($AB18="G","ผลรวมทั้งหมด",IF($AB18="R",INDEX($S$8:$S$407,$AA18),"")) | B18: =IF($AB18="S",INDEX($Y$8:$Y$407,$AA18),"") | C18: =IF($AB18="D",INDEX($Z$8:$Z$407,$AA18),"") | D18: =IF($AB18="G",SUM($AE$8:$AE$407),IF(OR($AB18="",$AB18="R"),"",IF($AB18="D",INDEX($AE$8:$AE$407,$AA18),SUMIF($T$8:$T$407,INDEX($T$8:$T$407,$AA18),$AE$8:$AE$407)))) | E18: =IF(11=$AD$1+3,"ขอแสดงความนับถือ",IF(11=$AD$1+6,"( )",IF(11=$AD$1+7,"เจ้าหน้าที่ขนส่ง",IF($AB18="G",SUM($AF$8:$AF$407),IF(OR($AB18="",$AB18="R"),"",IF($AB18="D",INDEX($AF$8:$AF$407,$AA18),SUMIF($T$8:$T$407,INDEX($T$8:$T$407,$AA18),$AF$8:$AF$407))))))) | F18: =IF($AB18="G",SUM($AG$8:$AG$407),IF(OR($AB18="",$AB18="R"),"",IF($AB18="D",INDEX($AG$8:$AG$407,$AA18),SUMIF($T$8:$T$407,INDEX($T$8:$T$407,$AA18),$AG$8:$AG$407)))) | G18: =IF(OR($AB18="",$AB18="R"),"",ROUND($E18-$F18,2)) | H18: =IF($AB18="G",SUM($AH$8:$AH$407),IF(OR($AB18="",$AB18="R"),"",IF($AB18="D",INDEX($AH$8:$AH$407,$AA18),SUMIF($T$8:$T$407,INDEX($T$8:$T$407,$AA18),$AH$8:$AH$407)))) | J18: =IFERROR(MATCH(11,บันทึกรายเที่ยว!$W$6:$W$10005,0),"") | K18: =IF($J18="","",INDEX(บันทึกรายเที่ยว!$T$6:$T$10005,$J18)) | L18: =IF($J18="","",INDEX(บันทึกรายเที่ยว!$S$6:$S$10005,$J18)) | M18: =IF($J18="","",INDEX(บันทึกรายเที่ยว!$R$6:$R$10005,$J18)) | N18: =IF($J18="","",MATCH($M18,บันทึกรายเที่ยว!$R$6:$R$10005,0)) | O18: =IF($J18="","",MATCH($L18,บันทึกรายเที่ยว!$S$6:$S$10005,0)) | P18: =IF($J18="","",IF(AND(OR($I$3="(ทั้งหมด)",INDEX(บันทึกรายเที่ยว!$C$6:$C$10005,$J18)=$I$3),OR($I$5="(ทั้งหมด)",INDEX(บันทึกรายเที่ยว!$D$6:$D$10005,$J18)=$I$5),OR($I$7="(ทั้งหมด)",INDEX(บันทึกรายเที่ยว!$F$6:$F$10005,$J18)=$I$7)),$N18*10000000+$O18*1000+11,"")) | Q18: =IFERROR(MATCH(SMALL($P$8:$P$407,11),$P$8:$P$407,0),"") | R18: =IF($Q18="","",INDEX($J$8:$J$407,$Q18)) | S18: =IF($Q18="","",INDEX($M$8:$M$407,$Q18)) | T18: =IF($Q18="","",INDEX($L$8:$L$407,$Q18)) | U18: =IF($Q18="","",INDEX($K$8:$K$407,$Q18)) | V18: =IF($Q18="",0,IF($S18<>$S17,1,0)) -> 0 | W18: =IF($Q18="",0,IF($T18<>$T17,1,0)) -> 0 | X18: =IF($Q18="",99999+11,$X17+1+$V17+$W17) -> 100010 | Y18: =IF($Q18="","",INDEX(บันทึกรายเที่ยว!$Q$6:$Q$10005,$R18)) | Z18: =IF($Q18="","",INDEX(บันทึกรายเที่ยว!$F$6:$F$10005,$R18)) | AA18: =IFERROR(MATCH(11,$X$8:$X$407,1),"") | AB18: =IF(11=$AD$1+1,"G",IF($AA18="","",IF(INDEX($Q$8:$Q$407,$AA18)="","",IF(11>INDEX($X$8:$X$407,$AA18)+INDEX($V$8:$V$407,$AA18)+INDEX($W$8:$W$407,$AA18),"",IF(11=INDEX($X$8:$X$407,$AA18)+INDEX($V$8:$V$407,$AA18)+INDEX($W$8:$W$407,$AA18),"D",IF(AND(INDEX($W$8:$W$407,$AA18)=1,11=INDEX($X$8:$X$407,$AA18)+INDEX($V$8:$V$407,$AA18)),"S","R")))))) | AC18: =IF(OR($AB18="",$AB18="G"),"",IF($AB18="D",INDEX($U$8:$U$407,$AA18),IF($AB18="S",INDEX($T$8:$T$407,$AA18)&"|*",INDEX($S$8:$S$407,$AA18)&"|*"))) | AE18: =IF($U18="",0,COUNTIF(บันทึกรายเที่ยว!$T$6:$T$10005,$U18)) -> 0 | AF18: =IF($U18="",0,ROUND(SUMIF(บันทึกรายเที่ยว!$T$6:$T$10005,$U18,บันทึกรายเที่ยว!$J$6:$J$10005),2)) -> 0 | AG18: =IF($U18="",0,ROUND(SUMIF(บันทึกรายเที่ยว!$T$6:$T$10005,$U18,บันทึกรายเที่ยว!$K$6:$K$10005),2)) -> 0 | AH18: =IF($U18="",0,ROUND(SUMIF(บันทึกรายเที่ยว!$T$6:$T$10005,$U18,บันทึกรายเที่ยว!$M$6:$M$10005),2)) -> 0
A19: =IF($AB19="G","ผลรวมทั้งหมด",IF($AB19="R",INDEX($S$8:$S$407,$AA19),"")) | B19: =IF($AB19="S",INDEX($Y$8:$Y$407,$AA19),"") | C19: =IF($AB19="D",INDEX($Z$8:$Z$407,$AA19),"") | D19: =IF($AB19="G",SUM($AE$8:$AE$407),IF(OR($AB19="",$AB19="R"),"",IF($AB19="D",INDEX($AE$8:$AE$407,$AA19),SUMIF($T$8:$T$407,INDEX($T$8:$T$407,$AA19),$AE$8:$AE$407)))) | E19: =IF(12=$AD$1+3,"ขอแสดงความนับถือ",IF(12=$AD$1+6,"( )",IF(12=$AD$1+7,"เจ้าหน้าที่ขนส่ง",IF($AB19="G",SUM($AF$8:$AF$407),IF(OR($AB19="",$AB19="R"),"",IF($AB19="D",INDEX($AF$8:$AF$407,$AA19),SUMIF($T$8:$T$407,INDEX($T$8:$T$407,$AA19),$AF$8:$AF$407))))))) | F19: =IF($AB19="G",SUM($AG$8:$AG$407),IF(OR($AB19="",$AB19="R"),"",IF($AB19="D",INDEX($AG$8:$AG$407,$AA19),SUMIF($T$8:$T$407,INDEX($T$8:$T$407,$AA19),$AG$8:$AG$407)))) | G19: =IF(OR($AB19="",$AB19="R"),"",ROUND($E19-$F19,2)) | H19: =IF($AB19="G",SUM($AH$8:$AH$407),IF(OR($AB19="",$AB19="R"),"",IF($AB19="D",INDEX($AH$8:$AH$407,$AA19),SUMIF($T$8:$T$407,INDEX($T$8:$T$407,$AA19),$AH$8:$AH$407)))) | J19: =IFERROR(MATCH(12,บันทึกรายเที่ยว!$W$6:$W$10005,0),"") | K19: =IF($J19="","",INDEX(บันทึกรายเที่ยว!$T$6:$T$10005,$J19)) | L19: =IF($J19="","",INDEX(บันทึกรายเที่ยว!$S$6:$S$10005,$J19)) | M19: =IF($J19="","",INDEX(บันทึกรายเที่ยว!$R$6:$R$10005,$J19)) | N19: =IF($J19="","",MATCH($M19,บันทึกรายเที่ยว!$R$6:$R$10005,0)) | O19: =IF($J19="","",MATCH($L19,บันทึกรายเที่ยว!$S$6:$S$10005,0)) | P19: =IF($J19="","",IF(AND(OR($I$3="(ทั้งหมด)",INDEX(บันทึกรายเที่ยว!$C$6:$C$10005,$J19)=$I$3),OR($I$5="(ทั้งหมด)",INDEX(บันทึกรายเที่ยว!$D$6:$D$10005,$J19)=$I$5),OR($I$7="(ทั้งหมด)",INDEX(บันทึกรายเที่ยว!$F$6:$F$10005,$J19)=$I$7)),$N19*10000000+$O19*1000+12,"")) | Q19: =IFERROR(MATCH(SMALL($P$8:$P$407,12),$P$8:$P$407,0),"") | R19: =IF($Q19="","",INDEX($J$8:$J$407,$Q19)) | S19: =IF($Q19="","",INDEX($M$8:$M$407,$Q19)) | T19: =IF($Q19="","",INDEX($L$8:$L$407,$Q19)) | U19: =IF($Q19="","",INDEX($K$8:$K$407,$Q19)) | V19: =IF($Q19="",0,IF($S19<>$S18,1,0)) -> 0 | W19: =IF($Q19="",0,IF($T19<>$T18,1,0)) -> 0 | X19: =IF($Q19="",99999+12,$X18+1+$V18+$W18) -> 100011 | Y19: =IF($Q19="","",INDEX(บันทึกรายเที่ยว!$Q$6:$Q$10005,$R19)) | Z19: =IF($Q19="","",INDEX(บันทึกรายเที่ยว!$F$6:$F$10005,$R19)) | AA19: =IFERROR(MATCH(12,$X$8:$X$407,1),"") | AB19: =IF(12=$AD$1+1,"G",IF($AA19="","",IF(INDEX($Q$8:$Q$407,$AA19)="","",IF(12>INDEX($X$8:$X$407,$AA19)+INDEX($V$8:$V$407,$AA19)+INDEX($W$8:$W$407,$AA19),"",IF(12=INDEX($X$8:$X$407,$AA19)+INDEX($V$8:$V$407,$AA19)+INDEX($W$8:$W$407,$AA19),"D",IF(AND(INDEX($W$8:$W$407,$AA19)=1,12=INDEX($X$8:$X$407,$AA19)+INDEX($V$8:$V$407,$AA19)),"S","R")))))) | AC19: =IF(OR($AB19="",$AB19="G"),"",IF($AB19="D",INDEX($U$8:$U$407,$AA19),IF($AB19="S",INDEX($T$8:$T$407,$AA19)&"|*",INDEX($S$8:$S$407,$AA19)&"|*"))) | AE19: =IF($U19="",0,COUNTIF(บันทึกรายเที่ยว!$T$6:$T$10005,$U19)) -> 0 | AF19: =IF($U19="",0,ROUND(SUMIF(บันทึกรายเที่ยว!$T$6:$T$10005,$U19,บันทึกรายเที่ยว!$J$6:$J$10005),2)) -> 0 | AG19: =IF($U19="",0,ROUND(SUMIF(บันทึกรายเที่ยว!$T$6:$T$10005,$U19,บันทึกรายเที่ยว!$K$6:$K$10005),2)) -> 0 | AH19: =IF($U19="",0,ROUND(SUMIF(บันทึกรายเที่ยว!$T$6:$T$10005,$U19,บันทึกรายเที่ยว!$M$6:$M$10005),2)) -> 0
A20: =IF($AB20="G","ผลรวมทั้งหมด",IF($AB20="R",INDEX($S$8:$S$407,$AA20),"")) | B20: =IF($AB20="S",INDEX($Y$8:$Y$407,$AA20),"") | C20: =IF($AB20="D",INDEX($Z$8:$Z$407,$AA20),"") | D20: =IF($AB20="G",SUM($AE$8:$AE$407),IF(OR($AB20="",$AB20="R"),"",IF($AB20="D",INDEX($AE$8:$AE$407,$AA20),SUMIF($T$8:$T$407,INDEX($T$8:$T$407,$AA20),$AE$8:$AE$407)))) | E20: =IF(13=$AD$1+3,"ขอแสดงความนับถือ",IF(13=$AD$1+6,"( )",IF(13=$AD$1+7,"เจ้าหน้าที่ขนส่ง",IF($AB20="G",SUM($AF$8:$AF$407),IF(OR($AB20="",$AB20="R"),"",IF($AB20="D",INDEX($AF$8:$AF$407,$AA20),SUMIF($T$8:$T$407,INDEX($T$8:$T$407,$AA20),$AF$8:$AF$407))))))) | F20: =IF($AB20="G",SUM($AG$8:$AG$407),IF(OR($AB20="",$AB20="R"),"",IF($AB20="D",INDEX($AG$8:$AG$407,$AA20),SUMIF($T$8:$T$407,INDEX($T$8:$T$407,$AA20),$AG$8:$AG$407)))) | G20: =IF(OR($AB20="",$AB20="R"),"",ROUND($E20-$F20,2)) | H20: =IF($AB20="G",SUM($AH$8:$AH$407),IF(OR($AB20="",$AB20="R"),"",IF($AB20="D",INDEX($AH$8:$AH$407,$AA20),SUMIF($T$8:$T$407,INDEX($T$8:$T$407,$AA20),$AH$8:$AH$407)))) | J20: =IFERROR(MATCH(13,บันทึกรายเที่ยว!$W$6:$W$10005,0),"") | K20: =IF($J20="","",INDEX(บันทึกรายเที่ยว!$T$6:$T$10005,$J20)) | L20: =IF($J20="","",INDEX(บันทึกรายเที่ยว!$S$6:$S$10005,$J20)) | M20: =IF($J20="","",INDEX(บันทึกรายเที่ยว!$R$6:$R$10005,$J20)) | N20: =IF($J20="","",MATCH($M20,บันทึกรายเที่ยว!$R$6:$R$10005,0)) | O20: =IF($J20="","",MATCH($L20,บันทึกรายเที่ยว!$S$6:$S$10005,0)) | P20: =IF($J20="","",IF(AND(OR($I$3="(ทั้งหมด)",INDEX(บันทึกรายเที่ยว!$C$6:$C$10005,$J20)=$I$3),OR($I$5="(ทั้งหมด)",INDEX(บันทึกรายเที่ยว!$D$6:$D$10005,$J20)=$I$5),OR($I$7="(ทั้งหมด)",INDEX(บันทึกรายเที่ยว!$F$6:$F$10005,$J20)=$I$7)),$N20*10000000+$O20*1000+13,"")) | Q20: =IFERROR(MATCH(SMALL($P$8:$P$407,13),$P$8:$P$407,0),"") | R20: =IF($Q20="","",INDEX($J$8:$J$407,$Q20)) | S20: =IF($Q20="","",INDEX($M$8:$M$407,$Q20)) | T20: =IF($Q20="","",INDEX($L$8:$L$407,$Q20)) | U20: =IF($Q20="","",INDEX($K$8:$K$407,$Q20)) | V20: =IF($Q20="",0,IF($S20<>$S19,1,0)) -> 0 | W20: =IF($Q20="",0,IF($T20<>$T19,1,0)) -> 0 | X20: =IF($Q20="",99999+13,$X19+1+$V19+$W19) -> 100012 | Y20: =IF($Q20="","",INDEX(บันทึกรายเที่ยว!$Q$6:$Q$10005,$R20)) | Z20: =IF($Q20="","",INDEX(บันทึกรายเที่ยว!$F$6:$F$10005,$R20)) | AA20: =IFERROR(MATCH(13,$X$8:$X$407,1),"") | AB20: =IF(13=$AD$1+1,"G",IF($AA20="","",IF(INDEX($Q$8:$Q$407,$AA20)="","",IF(13>INDEX($X$8:$X$407,$AA20)+INDEX($V$8:$V$407,$AA20)+INDEX($W$8:$W$407,$AA20),"",IF(13=INDEX($X$8:$X$407,$AA20)+INDEX($V$8:$V$407,$AA20)+INDEX($W$8:$W$407,$AA20),"D",IF(AND(INDEX($W$8:$W$407,$AA20)=1,13=INDEX($X$8:$X$407,$AA20)+INDEX($V$8:$V$407,$AA20)),"S","R")))))) | AC20: =IF(OR($AB20="",$AB20="G"),"",IF($AB20="D",INDEX($U$8:$U$407,$AA20),IF($AB20="S",INDEX($T$8:$T$407,$AA20)&"|*",INDEX($S$8:$S$407,$AA20)&"|*"))) | AE20: =IF($U20="",0,COUNTIF(บันทึกรายเที่ยว!$T$6:$T$10005,$U20)) -> 0 | AF20: =IF($U20="",0,ROUND(SUMIF(บันทึกรายเที่ยว!$T$6:$T$10005,$U20,บันทึกรายเที่ยว!$J$6:$J$10005),2)) -> 0 | AG20: =IF($U20="",0,ROUND(SUMIF(บันทึกรายเที่ยว!$T$6:$T$10005,$U20,บันทึกรายเที่ยว!$K$6:$K$10005),2)) -> 0 | AH20: =IF($U20="",0,ROUND(SUMIF(บันทึกรายเที่ยว!$T$6:$T$10005,$U20,บันทึกรายเที่ยว!$M$6:$M$10005),2)) -> 0
A21: =IF($AB21="G","ผลรวมทั้งหมด",IF($AB21="R",INDEX($S$8:$S$407,$AA21),"")) | B21: =IF($AB21="S",INDEX($Y$8:$Y$407,$AA21),"") | C21: =IF($AB21="D",INDEX($Z$8:$Z$407,$AA21),"") | D21: =IF($AB21="G",SUM($AE$8:$AE$407),IF(OR($AB21="",$AB21="R"),"",IF($AB21="D",INDEX($AE$8:$AE$407,$AA21),SUMIF($T$8:$T$407,INDEX($T$8:$T$407,$AA21),$AE$8:$AE$407)))) | E21: =IF(14=$AD$1+3,"ขอแสดงความนับถือ",IF(14=$AD$1+6,"( )",IF(14=$AD$1+7,"เจ้าหน้าที่ขนส่ง",IF($AB21="G",SUM($AF$8:$AF$407),IF(OR($AB21="",$AB21="R"),"",IF($AB21="D",INDEX($AF$8:$AF$407,$AA21),SUMIF($T$8:$T$407,INDEX($T$8:$T$407,$AA21),$AF$8:$AF$407))))))) | F21: =IF($AB21="G",SUM($AG$8:$AG$407),IF(OR($AB21="",$AB21="R"),"",IF($AB21="D",INDEX($AG$8:$AG$407,$AA21),SUMIF($T$8:$T$407,INDEX($T$8:$T$407,$AA21),$AG$8:$AG$407)))) | G21: =IF(OR($AB21="",$AB21="R"),"",ROUND($E21-$F21,2)) | H21: =IF($AB21="G",SUM($AH$8:$AH$407),IF(OR($AB21="",$AB21="R"),"",IF($AB21="D",INDEX($AH$8:$AH$407,$AA21),SUMIF($T$8:$T$407,INDEX($T$8:$T$407,$AA21),$AH$8:$AH$407)))) | J21: =IFERROR(MATCH(14,บันทึกรายเที่ยว!$W$6:$W$10005,0),"") | K21: =IF($J21="","",INDEX(บันทึกรายเที่ยว!$T$6:$T$10005,$J21)) | L21: =IF($J21="","",INDEX(บันทึกรายเที่ยว!$S$6:$S$10005,$J21)) | M21: =IF($J21="","",INDEX(บันทึกรายเที่ยว!$R$6:$R$10005,$J21)) | N21: =IF($J21="","",MATCH($M21,บันทึกรายเที่ยว!$R$6:$R$10005,0)) | O21: =IF($J21="","",MATCH($L21,บันทึกรายเที่ยว!$S$6:$S$10005,0)) | P21: =IF($J21="","",IF(AND(OR($I$3="(ทั้งหมด)",INDEX(บันทึกรายเที่ยว!$C$6:$C$10005,$J21)=$I$3),OR($I$5="(ทั้งหมด)",INDEX(บันทึกรายเที่ยว!$D$6:$D$10005,$J21)=$I$5),OR($I$7="(ทั้งหมด)",INDEX(บันทึกรายเที่ยว!$F$6:$F$10005,$J21)=$I$7)),$N21*10000000+$O21*1000+14,"")) | Q21: =IFERROR(MATCH(SMALL($P$8:$P$407,14),$P$8:$P$407,0),"") | R21: =IF($Q21="","",INDEX($J$8:$J$407,$Q21)) | S21: =IF($Q21="","",INDEX($M$8:$M$407,$Q21)) | T21: =IF($Q21="","",INDEX($L$8:$L$407,$Q21)) | U21: =IF($Q21="","",INDEX($K$8:$K$407,$Q21)) | V21: =IF($Q21="",0,IF($S21<>$S20,1,0)) -> 0 | W21: =IF($Q21="",0,IF($T21<>$T20,1,0)) -> 0 | X21: =IF($Q21="",99999+14,$X20+1+$V20+$W20) -> 100013 | Y21: =IF($Q21="","",INDEX(บันทึกรายเที่ยว!$Q$6:$Q$10005,$R21)) | Z21: =IF($Q21="","",INDEX(บันทึกรายเที่ยว!$F$6:$F$10005,$R21)) | AA21: =IFERROR(MATCH(14,$X$8:$X$407,1),"") | AB21: =IF(14=$AD$1+1,"G",IF($AA21="","",IF(INDEX($Q$8:$Q$407,$AA21)="","",IF(14>INDEX($X$8:$X$407,$AA21)+INDEX($V$8:$V$407,$AA21)+INDEX($W$8:$W$407,$AA21),"",IF(14=INDEX($X$8:$X$407,$AA21)+INDEX($V$8:$V$407,$AA21)+INDEX($W$8:$W$407,$AA21),"D",IF(AND(INDEX($W$8:$W$407,$AA21)=1,14=INDEX($X$8:$X$407,$AA21)+INDEX($V$8:$V$407,$AA21)),"S","R")))))) | AC21: =IF(OR($AB21="",$AB21="G"),"",IF($AB21="D",INDEX($U$8:$U$407,$AA21),IF($AB21="S",INDEX($T$8:$T$407,$AA21)&"|*",INDEX($S$8:$S$407,$AA21)&"|*"))) | AE21: =IF($U21="",0,COUNTIF(บันทึกรายเที่ยว!$T$6:$T$10005,$U21)) -> 0 | AF21: =IF($U21="",0,ROUND(SUMIF(บันทึกรายเที่ยว!$T$6:$T$10005,$U21,บันทึกรายเที่ยว!$J$6:$J$10005),2)) -> 0 | AG21: =IF($U21="",0,ROUND(SUMIF(บันทึกรายเที่ยว!$T$6:$T$10005,$U21,บันทึกรายเที่ยว!$K$6:$K$10005),2)) -> 0 | AH21: =IF($U21="",0,ROUND(SUMIF(บันทึกรายเที่ยว!$T$6:$T$10005,$U21,บันทึกรายเที่ยว!$M$6:$M$10005),2)) -> 0
A22: =IF($AB22="G","ผลรวมทั้งหมด",IF($AB22="R",INDEX($S$8:$S$407,$AA22),"")) | B22: =IF($AB22="S",INDEX($Y$8:$Y$407,$AA22),"") | C22: =IF($AB22="D",INDEX($Z$8:$Z$407,$AA22),"") | D22: =IF($AB22="G",SUM($AE$8:$AE$407),IF(OR($AB22="",$AB22="R"),"",IF($AB22="D",INDEX($AE$8:$AE$407,$AA22),SUMIF($T$8:$T$407,INDEX($T$8:$T$407,$AA22),$AE$8:$AE$407)))) | E22: =IF(15=$AD$1+3,"ขอแสดงความนับถือ",IF(15=$AD$1+6,"( )",IF(15=$AD$1+7,"เจ้าหน้าที่ขนส่ง",IF($AB22="G",SUM($AF$8:$AF$407),IF(OR($AB22="",$AB22="R"),"",IF($AB22="D",INDEX($AF$8:$AF$407,$AA22),SUMIF($T$8:$T$407,INDEX($T$8:$T$407,$AA22),$AF$8:$AF$407))))))) | F22: =IF($AB22="G",SUM($AG$8:$AG$407),IF(OR($AB22="",$AB22="R"),"",IF($AB22="D",INDEX($AG$8:$AG$407,$AA22),SUMIF($T$8:$T$407,INDEX($T$8:$T$407,$AA22),$AG$8:$AG$407)))) | G22: =IF(OR($AB22="",$AB22="R"),"",ROUND($E22-$F22,2)) | H22: =IF($AB22="G",SUM($AH$8:$AH$407),IF(OR($AB22="",$AB22="R"),"",IF($AB22="D",INDEX($AH$8:$AH$407,$AA22),SUMIF($T$8:$T$407,INDEX($T$8:$T$407,$AA22),$AH$8:$AH$407)))) | J22: =IFERROR(MATCH(15,บันทึกรายเที่ยว!$W$6:$W$10005,0),"") | K22: =IF($J22="","",INDEX(บันทึกรายเที่ยว!$T$6:$T$10005,$J22)) | L22: =IF($J22="","",INDEX(บันทึกรายเที่ยว!$S$6:$S$10005,$J22)) | M22: =IF($J22="","",INDEX(บันทึกรายเที่ยว!$R$6:$R$10005,$J22)) | N22: =IF($J22="","",MATCH($M22,บันทึกรายเที่ยว!$R$6:$R$10005,0)) | O22: =IF($J22="","",MATCH($L22,บันทึกรายเที่ยว!$S$6:$S$10005,0)) | P22: =IF($J22="","",IF(AND(OR($I$3="(ทั้งหมด)",INDEX(บันทึกรายเที่ยว!$C$6:$C$10005,$J22)=$I$3),OR($I$5="(ทั้งหมด)",INDEX(บันทึกรายเที่ยว!$D$6:$D$10005,$J22)=$I$5),OR($I$7="(ทั้งหมด)",INDEX(บันทึกรายเที่ยว!$F$6:$F$10005,$J22)=$I$7)),$N22*10000000+$O22*1000+15,"")) | Q22: =IFERROR(MATCH(SMALL($P$8:$P$407,15),$P$8:$P$407,0),"") | R22: =IF($Q22="","",INDEX($J$8:$J$407,$Q22)) | S22: =IF($Q22="","",INDEX($M$8:$M$407,$Q22)) | T22: =IF($Q22="","",INDEX($L$8:$L$407,$Q22)) | U22: =IF($Q22="","",INDEX($K$8:$K$407,$Q22)) | V22: =IF($Q22="",0,IF($S22<>$S21,1,0)) -> 0 | W22: =IF($Q22="",0,IF($T22<>$T21,1,0)) -> 0 | X22: =IF($Q22="",99999+15,$X21+1+$V21+$W21) -> 100014 | Y22: =IF($Q22="","",INDEX(บันทึกรายเที่ยว!$Q$6:$Q$10005,$R22)) | Z22: =IF($Q22="","",INDEX(บันทึกรายเที่ยว!$F$6:$F$10005,$R22)) | AA22: =IFERROR(MATCH(15,$X$8:$X$407,1),"") | AB22: =IF(15=$AD$1+1,"G",IF($AA22="","",IF(INDEX($Q$8:$Q$407,$AA22)="","",IF(15>INDEX($X$8:$X$407,$AA22)+INDEX($V$8:$V$407,$AA22)+INDEX($W$8:$W$407,$AA22),"",IF(15=INDEX($X$8:$X$407,$AA22)+INDEX($V$8:$V$407,$AA22)+INDEX($W$8:$W$407,$AA22),"D",IF(AND(INDEX($W$8:$W$407,$AA22)=1,15=INDEX($X$8:$X$407,$AA22)+INDEX($V$8:$V$407,$AA22)),"S","R")))))) | AC22: =IF(OR($AB22="",$AB22="G"),"",IF($AB22="D",INDEX($U$8:$U$407,$AA22),IF($AB22="S",INDEX($T$8:$T$407,$AA22)&"|*",INDEX($S$8:$S$407,$AA22)&"|*"))) | AE22: =IF($U22="",0,COUNTIF(บันทึกรายเที่ยว!$T$6:$T$10005,$U22)) -> 0 | AF22: =IF($U22="",0,ROUND(SUMIF(บันทึกรายเที่ยว!$T$6:$T$10005,$U22,บันทึกรายเที่ยว!$J$6:$J$10005),2)) -> 0 | AG22: =IF($U22="",0,ROUND(SUMIF(บันทึกรายเที่ยว!$T$6:$T$10005,$U22,บันทึกรายเที่ยว!$K$6:$K$10005),2)) -> 0 | AH22: =IF($U22="",0,ROUND(SUMIF(บันทึกรายเที่ยว!$T$6:$T$10005,$U22,บันทึกรายเที่ยว!$M$6:$M$10005),2)) -> 0
A23: =IF($AB23="G","ผลรวมทั้งหมด",IF($AB23="R",INDEX($S$8:$S$407,$AA23),"")) | B23: =IF($AB23="S",INDEX($Y$8:$Y$407,$AA23),"") | C23: =IF($AB23="D",INDEX($Z$8:$Z$407,$AA23),"") | D23: =IF($AB23="G",SUM($AE$8:$AE$407),IF(OR($AB23="",$AB23="R"),"",IF($AB23="D",INDEX($AE$8:$AE$407,$AA23),SUMIF($T$8:$T$407,INDEX($T$8:$T$407,$AA23),$AE$8:$AE$407)))) | E23: =IF(16=$AD$1+3,"ขอแสดงความนับถือ",IF(16=$AD$1+6,"( )",IF(16=$AD$1+7,"เจ้าหน้าที่ขนส่ง",IF($AB23="G",SUM($AF$8:$AF$407),IF(OR($AB23="",$AB23="R"),"",IF($AB23="D",INDEX($AF$8:$AF$407,$AA23),SUMIF($T$8:$T$407,INDEX($T$8:$T$407,$AA23),$AF$8:$AF$407))))))) | F23: =IF($AB23="G",SUM($AG$8:$AG$407),IF(OR($AB23="",$AB23="R"),"",IF($AB23="D",INDEX($AG$8:$AG$407,$AA23),SUMIF($T$8:$T$407,INDEX($T$8:$T$407,$AA23),$AG$8:$AG$407)))) | G23: =IF(OR($AB23="",$AB23="R"),"",ROUND($E23-$F23,2)) | H23: =IF($AB23="G",SUM($AH$8:$AH$407),IF(OR($AB23="",$AB23="R"),"",IF($AB23="D",INDEX($AH$8:$AH$407,$AA23),SUMIF($T$8:$T$407,INDEX($T$8:$T$407,$AA23),$AH$8:$AH$407)))) | J23: =IFERROR(MATCH(16,บันทึกรายเที่ยว!$W$6:$W$10005,0),"") | K23: =IF($J23="","",INDEX(บันทึกรายเที่ยว!$T$6:$T$10005,$J23)) | L23: =IF($J23="","",INDEX(บันทึกรายเที่ยว!$S$6:$S$10005,$J23)) | M23: =IF($J23="","",INDEX(บันทึกรายเที่ยว!$R$6:$R$10005,$J23)) | N23: =IF($J23="","",MATCH($M23,บันทึกรายเที่ยว!$R$6:$R$10005,0)) | O23: =IF($J23="","",MATCH($L23,บันทึกรายเที่ยว!$S$6:$S$10005,0)) | P23: =IF($J23="","",IF(AND(OR($I$3="(ทั้งหมด)",INDEX(บันทึกรายเที่ยว!$C$6:$C$10005,$J23)=$I$3),OR($I$5="(ทั้งหมด)",INDEX(บันทึกรายเที่ยว!$D$6:$D$10005,$J23)=$I$5),OR($I$7="(ทั้งหมด)",INDEX(บันทึกรายเที่ยว!$F$6:$F$10005,$J23)=$I$7)),$N23*10000000+$O23*1000+16,"")) | Q23: =IFERROR(MATCH(SMALL($P$8:$P$407,16),$P$8:$P$407,0),"") | R23: =IF($Q23="","",INDEX($J$8:$J$407,$Q23)) | S23: =IF($Q23="","",INDEX($M$8:$M$407,$Q23)) | T23: =IF($Q23="","",INDEX($L$8:$L$407,$Q23)) | U23: =IF($Q23="","",INDEX($K$8:$K$407,$Q23)) | V23: =IF($Q23="",0,IF($S23<>$S22,1,0)) -> 0 | W23: =IF($Q23="",0,IF($T23<>$T22,1,0)) -> 0 | X23: =IF($Q23="",99999+16,$X22+1+$V22+$W22) -> 100015 | Y23: =IF($Q23="","",INDEX(บันทึกรายเที่ยว!$Q$6:$Q$10005,$R23)) | Z23: =IF($Q23="","",INDEX(บันทึกรายเที่ยว!$F$6:$F$10005,$R23)) | AA23: =IFERROR(MATCH(16,$X$8:$X$407,1),"") | AB23: =IF(16=$AD$1+1,"G",IF($AA23="","",IF(INDEX($Q$8:$Q$407,$AA23)="","",IF(16>INDEX($X$8:$X$407,$AA23)+INDEX($V$8:$V$407,$AA23)+INDEX($W$8:$W$407,$AA23),"",IF(16=INDEX($X$8:$X$407,$AA23)+INDEX($V$8:$V$407,$AA23)+INDEX($W$8:$W$407,$AA23),"D",IF(AND(INDEX($W$8:$W$407,$AA23)=1,16=INDEX($X$8:$X$407,$AA23)+INDEX($V$8:$V$407,$AA23)),"S","R")))))) | AC23: =IF(OR($AB23="",$AB23="G"),"",IF($AB23="D",INDEX($U$8:$U$407,$AA23),IF($AB23="S",INDEX($T$8:$T$407,$AA23)&"|*",INDEX($S$8:$S$407,$AA23)&"|*"))) | AE23: =IF($U23="",0,COUNTIF(บันทึกรายเที่ยว!$T$6:$T$10005,$U23)) -> 0 | AF23: =IF($U23="",0,ROUND(SUMIF(บันทึกรายเที่ยว!$T$6:$T$10005,$U23,บันทึกรายเที่ยว!$J$6:$J$10005),2)) -> 0 | AG23: =IF($U23="",0,ROUND(SUMIF(บันทึกรายเที่ยว!$T$6:$T$10005,$U23,บันทึกรายเที่ยว!$K$6:$K$10005),2)) -> 0 | AH23: =IF($U23="",0,ROUND(SUMIF(บันทึกรายเที่ยว!$T$6:$T$10005,$U23,บันทึกรายเที่ยว!$M$6:$M$10005),2)) -> 0
A24: =IF($AB24="G","ผลรวมทั้งหมด",IF($AB24="R",INDEX($S$8:$S$407,$AA24),"")) | B24: =IF($AB24="S",INDEX($Y$8:$Y$407,$AA24),"") | C24: =IF($AB24="D",INDEX($Z$8:$Z$407,$AA24),"") | D24: =IF($AB24="G",SUM($AE$8:$AE$407),IF(OR($AB24="",$AB24="R"),"",IF($AB24="D",INDEX($AE$8:$AE$407,$AA24),SUMIF($T$8:$T$407,INDEX($T$8:$T$407,$AA24),$AE$8:$AE$407)))) | E24: =IF(17=$AD$1+3,"ขอแสดงความนับถือ",IF(17=$AD$1+6,"( )",IF(17=$AD$1+7,"เจ้าหน้าที่ขนส่ง",IF($AB24="G",SUM($AF$8:$AF$407),IF(OR($AB24="",$AB24="R"),"",IF($AB24="D",INDEX($AF$8:$AF$407,$AA24),SUMIF($T$8:$T$407,INDEX($T$8:$T$407,$AA24),$AF$8:$AF$407))))))) | F24: =IF($AB24="G",SUM($AG$8:$AG$407),IF(OR($AB24="",$AB24="R"),"",IF($AB24="D",INDEX($AG$8:$AG$407,$AA24),SUMIF($T$8:$T$407,INDEX($T$8:$T$407,$AA24),$AG$8:$AG$407)))) | G24: =IF(OR($AB24="",$AB24="R"),"",ROUND($E24-$F24,2)) | H24: =IF($AB24="G",SUM($AH$8:$AH$407),IF(OR($AB24="",$AB24="R"),"",IF($AB24="D",INDEX($AH$8:$AH$407,$AA24),SUMIF($T$8:$T$407,INDEX($T$8:$T$407,$AA24),$AH$8:$AH$407)))) | J24: =IFERROR(MATCH(17,บันทึกรายเที่ยว!$W$6:$W$10005,0),"") | K24: =IF($J24="","",INDEX(บันทึกรายเที่ยว!$T$6:$T$10005,$J24)) | L24: =IF($J24="","",INDEX(บันทึกรายเที่ยว!$S$6:$S$10005,$J24)) | M24: =IF($J24="","",INDEX(บันทึกรายเที่ยว!$R$6:$R$10005,$J24)) | N24: =IF($J24="","",MATCH($M24,บันทึกรายเที่ยว!$R$6:$R$10005,0)) | O24: =IF($J24="","",MATCH($L24,บันทึกรายเที่ยว!$S$6:$S$10005,0)) | P24: =IF($J24="","",IF(AND(OR($I$3="(ทั้งหมด)",INDEX(บันทึกรายเที่ยว!$C$6:$C$10005,$J24)=$I$3),OR($I$5="(ทั้งหมด)",INDEX(บันทึกรายเที่ยว!$D$6:$D$10005,$J24)=$I$5),OR($I$7="(ทั้งหมด)",INDEX(บันทึกรายเที่ยว!$F$6:$F$10005,$J24)=$I$7)),$N24*10000000+$O24*1000+17,"")) | Q24: =IFERROR(MATCH(SMALL($P$8:$P$407,17),$P$8:$P$407,0),"") | R24: =IF($Q24="","",INDEX($J$8:$J$407,$Q24)) | S24: =IF($Q24="","",INDEX($M$8:$M$407,$Q24)) | T24: =IF($Q24="","",INDEX($L$8:$L$407,$Q24)) | U24: =IF($Q24="","",INDEX($K$8:$K$407,$Q24)) | V24: =IF($Q24="",0,IF($S24<>$S23,1,0)) -> 0 | W24: =IF($Q24="",0,IF($T24<>$T23,1,0)) -> 0 | X24: =IF($Q24="",99999+17,$X23+1+$V23+$W23) -> 100016 | Y24: =IF($Q24="","",INDEX(บันทึกรายเที่ยว!$Q$6:$Q$10005,$R24)) | Z24: =IF($Q24="","",INDEX(บันทึกรายเที่ยว!$F$6:$F$10005,$R24)) | AA24: =IFERROR(MATCH(17,$X$8:$X$407,1),"") | AB24: =IF(17=$AD$1+1,"G",IF($AA24="","",IF(INDEX($Q$8:$Q$407,$AA24)="","",IF(17>INDEX($X$8:$X$407,$AA24)+INDEX($V$8:$V$407,$AA24)+INDEX($W$8:$W$407,$AA24),"",IF(17=INDEX($X$8:$X$407,$AA24)+INDEX($V$8:$V$407,$AA24)+INDEX($W$8:$W$407,$AA24),"D",IF(AND(INDEX($W$8:$W$407,$AA24)=1,17=INDEX($X$8:$X$407,$AA24)+INDEX($V$8:$V$407,$AA24)),"S","R")))))) | AC24: =IF(OR($AB24="",$AB24="G"),"",IF($AB24="D",INDEX($U$8:$U$407,$AA24),IF($AB24="S",INDEX($T$8:$T$407,$AA24)&"|*",INDEX($S$8:$S$407,$AA24)&"|*"))) | AE24: =IF($U24="",0,COUNTIF(บันทึกรายเที่ยว!$T$6:$T$10005,$U24)) -> 0 | AF24: =IF($U24="",0,ROUND(SUMIF(บันทึกรายเที่ยว!$T$6:$T$10005,$U24,บันทึกรายเที่ยว!$J$6:$J$10005),2)) -> 0 | AG24: =IF($U24="",0,ROUND(SUMIF(บันทึกรายเที่ยว!$T$6:$T$10005,$U24,บันทึกรายเที่ยว!$K$6:$K$10005),2)) -> 0 | AH24: =IF($U24="",0,ROUND(SUMIF(บันทึกรายเที่ยว!$T$6:$T$10005,$U24,บันทึกรายเที่ยว!$M$6:$M$10005),2)) -> 0
A25: =IF($AB25="G","ผลรวมทั้งหมด",IF($AB25="R",INDEX($S$8:$S$407,$AA25),"")) | B25: =IF($AB25="S",INDEX($Y$8:$Y$407,$AA25),"") | C25: =IF($AB25="D",INDEX($Z$8:$Z$407,$AA25),"") | D25: =IF($AB25="G",SUM($AE$8:$AE$407),IF(OR($AB25="",$AB25="R"),"",IF($AB25="D",INDEX($AE$8:$AE$407,$AA25),SUMIF($T$8:$T$407,INDEX($T$8:$T$407,$AA25),$AE$8:$AE$407)))) | E25: =IF(18=$AD$1+3,"ขอแสดงความนับถือ",IF(18=$AD$1+6,"( )",IF(18=$AD$1+7,"เจ้าหน้าที่ขนส่ง",IF($AB25="G",SUM($AF$8:$AF$407),IF(OR($AB25="",$AB25="R"),"",IF($AB25="D",INDEX($AF$8:$AF$407,$AA25),SUMIF($T$8:$T$407,INDEX($T$8:$T$407,$AA25),$AF$8:$AF$407))))))) | F25: =IF($AB25="G",SUM($AG$8:$AG$407),IF(OR($AB25="",$AB25="R"),"",IF($AB25="D",INDEX($AG$8:$AG$407,$AA25),SUMIF($T$8:$T$407,INDEX($T$8:$T$407,$AA25),$AG$8:$AG$407)))) | G25: =IF(OR($AB25="",$AB25="R"),"",ROUND($E25-$F25,2)) | H25: =IF($AB25="G",SUM($AH$8:$AH$407),IF(OR($AB25="",$AB25="R"),"",IF($AB25="D",INDEX($AH$8:$AH$407,$AA25),SUMIF($T$8:$T$407,INDEX($T$8:$T$407,$AA25),$AH$8:$AH$407)))) | J25: =IFERROR(MATCH(18,บันทึกรายเที่ยว!$W$6:$W$10005,0),"") | K25: =IF($J25="","",INDEX(บันทึกรายเที่ยว!$T$6:$T$10005,$J25)) | L25: =IF($J25="","",INDEX(บันทึกรายเที่ยว!$S$6:$S$10005,$J25)) | M25: =IF($J25="","",INDEX(บันทึกรายเที่ยว!$R$6:$R$10005,$J25)) | N25: =IF($J25="","",MATCH($M25,บันทึกรายเที่ยว!$R$6:$R$10005,0)) | O25: =IF($J25="","",MATCH($L25,บันทึกรายเที่ยว!$S$6:$S$10005,0)) | P25: =IF($J25="","",IF(AND(OR($I$3="(ทั้งหมด)",INDEX(บันทึกรายเที่ยว!$C$6:$C$10005,$J25)=$I$3),OR($I$5="(ทั้งหมด)",INDEX(บันทึกรายเที่ยว!$D$6:$D$10005,$J25)=$I$5),OR($I$7="(ทั้งหมด)",INDEX(บันทึกรายเที่ยว!$F$6:$F$10005,$J25)=$I$7)),$N25*10000000+$O25*1000+18,"")) | Q25: =IFERROR(MATCH(SMALL($P$8:$P$407,18),$P$8:$P$407,0),"") | R25: =IF($Q25="","",INDEX($J$8:$J$407,$Q25)) | S25: =IF($Q25="","",INDEX($M$8:$M$407,$Q25)) | T25: =IF($Q25="","",INDEX($L$8:$L$407,$Q25)) | U25: =IF($Q25="","",INDEX($K$8:$K$407,$Q25)) | V25: =IF($Q25="",0,IF($S25<>$S24,1,0)) -> 0 | W25: =IF($Q25="",0,IF($T25<>$T24,1,0)) -> 0 | X25: =IF($Q25="",99999+18,$X24+1+$V24+$W24) -> 100017 | Y25: =IF($Q25="","",INDEX(บันทึกรายเที่ยว!$Q$6:$Q$10005,$R25)) | Z25: =IF($Q25="","",INDEX(บันทึกรายเที่ยว!$F$6:$F$10005,$R25)) | AA25: =IFERROR(MATCH(18,$X$8:$X$407,1),"") | AB25: =IF(18=$AD$1+1,"G",IF($AA25="","",IF(INDEX($Q$8:$Q$407,$AA25)="","",IF(18>INDEX($X$8:$X$407,$AA25)+INDEX($V$8:$V$407,$AA25)+INDEX($W$8:$W$407,$AA25),"",IF(18=INDEX($X$8:$X$407,$AA25)+INDEX($V$8:$V$407,$AA25)+INDEX($W$8:$W$407,$AA25),"D",IF(AND(INDEX($W$8:$W$407,$AA25)=1,18=INDEX($X$8:$X$407,$AA25)+INDEX($V$8:$V$407,$AA25)),"S","R")))))) | AC25: =IF(OR($AB25="",$AB25="G"),"",IF($AB25="D",INDEX($U$8:$U$407,$AA25),IF($AB25="S",INDEX($T$8:$T$407,$AA25)&"|*",INDEX($S$8:$S$407,$AA25)&"|*"))) | AE25: =IF($U25="",0,COUNTIF(บันทึกรายเที่ยว!$T$6:$T$10005,$U25)) -> 0 | AF25: =IF($U25="",0,ROUND(SUMIF(บันทึกรายเที่ยว!$T$6:$T$10005,$U25,บันทึกรายเที่ยว!$J$6:$J$10005),2)) -> 0 | AG25: =IF($U25="",0,ROUND(SUMIF(บันทึกรายเที่ยว!$T$6:$T$10005,$U25,บันทึกรายเที่ยว!$K$6:$K$10005),2)) -> 0 | AH25: =IF($U25="",0,ROUND(SUMIF(บันทึกรายเที่ยว!$T$6:$T$10005,$U25,บันทึกรายเที่ยว!$M$6:$M$10005),2)) -> 0
A26: =IF($AB26="G","ผลรวมทั้งหมด",IF($AB26="R",INDEX($S$8:$S$407,$AA26),"")) | B26: =IF($AB26="S",INDEX($Y$8:$Y$407,$AA26),"") | C26: =IF($AB26="D",INDEX($Z$8:$Z$407,$AA26),"") | D26: =IF($AB26="G",SUM($AE$8:$AE$407),IF(OR($AB26="",$AB26="R"),"",IF($AB26="D",INDEX($AE$8:$AE$407,$AA26),SUMIF($T$8:$T$407,INDEX($T$8:$T$407,$AA26),$AE$8:$AE$407)))) | E26: =IF(19=$AD$1+3,"ขอแสดงความนับถือ",IF(19=$AD$1+6,"( )",IF(19=$AD$1+7,"เจ้าหน้าที่ขนส่ง",IF($AB26="G",SUM($AF$8:$AF$407),IF(OR($AB26="",$AB26="R"),"",IF($AB26="D",INDEX($AF$8:$AF$407,$AA26),SUMIF($T$8:$T$407,INDEX($T$8:$T$407,$AA26),$AF$8:$AF$407))))))) | F26: =IF($AB26="G",SUM($AG$8:$AG$407),IF(OR($AB26="",$AB26="R"),"",IF($AB26="D",INDEX($AG$8:$AG$407,$AA26),SUMIF($T$8:$T$407,INDEX($T$8:$T$407,$AA26),$AG$8:$AG$407)))) | G26: =IF(OR($AB26="",$AB26="R"),"",ROUND($E26-$F26,2)) | H26: =IF($AB26="G",SUM($AH$8:$AH$407),IF(OR($AB26="",$AB26="R"),"",IF($AB26="D",INDEX($AH$8:$AH$407,$AA26),SUMIF($T$8:$T$407,INDEX($T$8:$T$407,$AA26),$AH$8:$AH$407)))) | J26: =IFERROR(MATCH(19,บันทึกรายเที่ยว!$W$6:$W$10005,0),"") | K26: =IF($J26="","",INDEX(บันทึกรายเที่ยว!$T$6:$T$10005,$J26)) | L26: =IF($J26="","",INDEX(บันทึกรายเที่ยว!$S$6:$S$10005,$J26)) | M26: =IF($J26="","",INDEX(บันทึกรายเที่ยว!$R$6:$R$10005,$J26)) | N26: =IF($J26="","",MATCH($M26,บันทึกรายเที่ยว!$R$6:$R$10005,0)) | O26: =IF($J26="","",MATCH($L26,บันทึกรายเที่ยว!$S$6:$S$10005,0)) | P26: =IF($J26="","",IF(AND(OR($I$3="(ทั้งหมด)",INDEX(บันทึกรายเที่ยว!$C$6:$C$10005,$J26)=$I$3),OR($I$5="(ทั้งหมด)",INDEX(บันทึกรายเที่ยว!$D$6:$D$10005,$J26)=$I$5),OR($I$7="(ทั้งหมด)",INDEX(บันทึกรายเที่ยว!$F$6:$F$10005,$J26)=$I$7)),$N26*10000000+$O26*1000+19,"")) | Q26: =IFERROR(MATCH(SMALL($P$8:$P$407,19),$P$8:$P$407,0),"") | R26: =IF($Q26="","",INDEX($J$8:$J$407,$Q26)) | S26: =IF($Q26="","",INDEX($M$8:$M$407,$Q26)) | T26: =IF($Q26="","",INDEX($L$8:$L$407,$Q26)) | U26: =IF($Q26="","",INDEX($K$8:$K$407,$Q26)) | V26: =IF($Q26="",0,IF($S26<>$S25,1,0)) -> 0 | W26: =IF($Q26="",0,IF($T26<>$T25,1,0)) -> 0 | X26: =IF($Q26="",99999+19,$X25+1+$V25+$W25) -> 100018 | Y26: =IF($Q26="","",INDEX(บันทึกรายเที่ยว!$Q$6:$Q$10005,$R26)) | Z26: =IF($Q26="","",INDEX(บันทึกรายเที่ยว!$F$6:$F$10005,$R26)) | AA26: =IFERROR(MATCH(19,$X$8:$X$407,1),"") | AB26: =IF(19=$AD$1+1,"G",IF($AA26="","",IF(INDEX($Q$8:$Q$407,$AA26)="","",IF(19>INDEX($X$8:$X$407,$AA26)+INDEX($V$8:$V$407,$AA26)+INDEX($W$8:$W$407,$AA26),"",IF(19=INDEX($X$8:$X$407,$AA26)+INDEX($V$8:$V$407,$AA26)+INDEX($W$8:$W$407,$AA26),"D",IF(AND(INDEX($W$8:$W$407,$AA26)=1,19=INDEX($X$8:$X$407,$AA26)+INDEX($V$8:$V$407,$AA26)),"S","R")))))) | AC26: =IF(OR($AB26="",$AB26="G"),"",IF($AB26="D",INDEX($U$8:$U$407,$AA26),IF($AB26="S",INDEX($T$8:$T$407,$AA26)&"|*",INDEX($S$8:$S$407,$AA26)&"|*"))) | AE26: =IF($U26="",0,COUNTIF(บันทึกรายเที่ยว!$T$6:$T$10005,$U26)) -> 0 | AF26: =IF($U26="",0,ROUND(SUMIF(บันทึกรายเที่ยว!$T$6:$T$10005,$U26,บันทึกรายเที่ยว!$J$6:$J$10005),2)) -> 0 | AG26: =IF($U26="",0,ROUND(SUMIF(บันทึกรายเที่ยว!$T$6:$T$10005,$U26,บันทึกรายเที่ยว!$K$6:$K$10005),2)) -> 0 | AH26: =IF($U26="",0,ROUND(SUMIF(บันทึกรายเที่ยว!$T$6:$T$10005,$U26,บันทึกรายเที่ยว!$M$6:$M$10005),2)) -> 0
A27: =IF($AB27="G","ผลรวมทั้งหมด",IF($AB27="R",INDEX($S$8:$S$407,$AA27),"")) | B27: =IF($AB27="S",INDEX($Y$8:$Y$407,$AA27),"") | C27: =IF($AB27="D",INDEX($Z$8:$Z$407,$AA27),"") | D27: =IF($AB27="G",SUM($AE$8:$AE$407),IF(OR($AB27="",$AB27="R"),"",IF($AB27="D",INDEX($AE$8:$AE$407,$AA27),SUMIF($T$8:$T$407,INDEX($T$8:$T$407,$AA27),$AE$8:$AE$407)))) | E27: =IF(20=$AD$1+3,"ขอแสดงความนับถือ",IF(20=$AD$1+6,"( )",IF(20=$AD$1+7,"เจ้าหน้าที่ขนส่ง",IF($AB27="G",SUM($AF$8:$AF$407),IF(OR($AB27="",$AB27="R"),"",IF($AB27="D",INDEX($AF$8:$AF$407,$AA27),SUMIF($T$8:$T$407,INDEX($T$8:$T$407,$AA27),$AF$8:$AF$407))))))) | F27: =IF($AB27="G",SUM($AG$8:$AG$407),IF(OR($AB27="",$AB27="R"),"",IF($AB27="D",INDEX($AG$8:$AG$407,$AA27),SUMIF($T$8:$T$407,INDEX($T$8:$T$407,$AA27),$AG$8:$AG$407)))) | G27: =IF(OR($AB27="",$AB27="R"),"",ROUND($E27-$F27,2)) | H27: =IF($AB27="G",SUM($AH$8:$AH$407),IF(OR($AB27="",$AB27="R"),"",IF($AB27="D",INDEX($AH$8:$AH$407,$AA27),SUMIF($T$8:$T$407,INDEX($T$8:$T$407,$AA27),$AH$8:$AH$407)))) | J27: =IFERROR(MATCH(20,บันทึกรายเที่ยว!$W$6:$W$10005,0),"") | K27: =IF($J27="","",INDEX(บันทึกรายเที่ยว!$T$6:$T$10005,$J27)) | L27: =IF($J27="","",INDEX(บันทึกรายเที่ยว!$S$6:$S$10005,$J27)) | M27: =IF($J27="","",INDEX(บันทึกรายเที่ยว!$R$6:$R$10005,$J27)) | N27: =IF($J27="","",MATCH($M27,บันทึกรายเที่ยว!$R$6:$R$10005,0)) | O27: =IF($J27="","",MATCH($L27,บันทึกรายเที่ยว!$S$6:$S$10005,0)) | P27: =IF($J27="","",IF(AND(OR($I$3="(ทั้งหมด)",INDEX(บันทึกรายเที่ยว!$C$6:$C$10005,$J27)=$I$3),OR($I$5="(ทั้งหมด)",INDEX(บันทึกรายเที่ยว!$D$6:$D$10005,$J27)=$I$5),OR($I$7="(ทั้งหมด)",INDEX(บันทึกรายเที่ยว!$F$6:$F$10005,$J27)=$I$7)),$N27*10000000+$O27*1000+20,"")) | Q27: =IFERROR(MATCH(SMALL($P$8:$P$407,20),$P$8:$P$407,0),"") | R27: =IF($Q27="","",INDEX($J$8:$J$407,$Q27)) | S27: =IF($Q27="","",INDEX($M$8:$M$407,$Q27)) | T27: =IF($Q27="","",INDEX($L$8:$L$407,$Q27)) | U27: =IF($Q27="","",INDEX($K$8:$K$407,$Q27)) | V27: =IF($Q27="",0,IF($S27<>$S26,1,0)) -> 0 | W27: =IF($Q27="",0,IF($T27<>$T26,1,0)) -> 0 | X27: =IF($Q27="",99999+20,$X26+1+$V26+$W26) -> 100019 | Y27: =IF($Q27="","",INDEX(บันทึกรายเที่ยว!$Q$6:$Q$10005,$R27)) | Z27: =IF($Q27="","",INDEX(บันทึกรายเที่ยว!$F$6:$F$10005,$R27)) | AA27: =IFERROR(MATCH(20,$X$8:$X$407,1),"") | AB27: =IF(20=$AD$1+1,"G",IF($AA27="","",IF(INDEX($Q$8:$Q$407,$AA27)="","",IF(20>INDEX($X$8:$X$407,$AA27)+INDEX($V$8:$V$407,$AA27)+INDEX($W$8:$W$407,$AA27),"",IF(20=INDEX($X$8:$X$407,$AA27)+INDEX($V$8:$V$407,$AA27)+INDEX($W$8:$W$407,$AA27),"D",IF(AND(INDEX($W$8:$W$407,$AA27)=1,20=INDEX($X$8:$X$407,$AA27)+INDEX($V$8:$V$407,$AA27)),"S","R")))))) | AC27: =IF(OR($AB27="",$AB27="G"),"",IF($AB27="D",INDEX($U$8:$U$407,$AA27),IF($AB27="S",INDEX($T$8:$T$407,$AA27)&"|*",INDEX($S$8:$S$407,$AA27)&"|*"))) | AE27: =IF($U27="",0,COUNTIF(บันทึกรายเที่ยว!$T$6:$T$10005,$U27)) -> 0 | AF27: =IF($U27="",0,ROUND(SUMIF(บันทึกรายเที่ยว!$T$6:$T$10005,$U27,บันทึกรายเที่ยว!$J$6:$J$10005),2)) -> 0 | AG27: =IF($U27="",0,ROUND(SUMIF(บันทึกรายเที่ยว!$T$6:$T$10005,$U27,บันทึกรายเที่ยว!$K$6:$K$10005),2)) -> 0 | AH27: =IF($U27="",0,ROUND(SUMIF(บันทึกรายเที่ยว!$T$6:$T$10005,$U27,บันทึกรายเที่ยว!$M$6:$M$10005),2)) -> 0
A28: =IF($AB28="G","ผลรวมทั้งหมด",IF($AB28="R",INDEX($S$8:$S$407,$AA28),"")) | B28: =IF($AB28="S",INDEX($Y$8:$Y$407,$AA28),"") | C28: =IF($AB28="D",INDEX($Z$8:$Z$407,$AA28),"") | D28: =IF($AB28="G",SUM($AE$8:$AE$407),IF(OR($AB28="",$AB28="R"),"",IF($AB28="D",INDEX($AE$8:$AE$407,$AA28),SUMIF($T$8:$T$407,INDEX($T$8:$T$407,$AA28),$AE$8:$AE$407)))) | E28: =IF(21=$AD$1+3,"ขอแสดงความนับถือ",IF(21=$AD$1+6,"( )",IF(21=$AD$1+7,"เจ้าหน้าที่ขนส่ง",IF($AB28="G",SUM($AF$8:$AF$407),IF(OR($AB28="",$AB28="R"),"",IF($AB28="D",INDEX($AF$8:$AF$407,$AA28),SUMIF($T$8:$T$407,INDEX($T$8:$T$407,$AA28),$AF$8:$AF$407))))))) | F28: =IF($AB28="G",SUM($AG$8:$AG$407),IF(OR($AB28="",$AB28="R"),"",IF($AB28="D",INDEX($AG$8:$AG$407,$AA28),SUMIF($T$8:$T$407,INDEX($T$8:$T$407,$AA28),$AG$8:$AG$407)))) | G28: =IF(OR($AB28="",$AB28="R"),"",ROUND($E28-$F28,2)) | H28: =IF($AB28="G",SUM($AH$8:$AH$407),IF(OR($AB28="",$AB28="R"),"",IF($AB28="D",INDEX($AH$8:$AH$407,$AA28),SUMIF($T$8:$T$407,INDEX($T$8:$T$407,$AA28),$AH$8:$AH$407)))) | J28: =IFERROR(MATCH(21,บันทึกรายเที่ยว!$W$6:$W$10005,0),"") | K28: =IF($J28="","",INDEX(บันทึกรายเที่ยว!$T$6:$T$10005,$J28)) | L28: =IF($J28="","",INDEX(บันทึกรายเที่ยว!$S$6:$S$10005,$J28)) | M28: =IF($J28="","",INDEX(บันทึกรายเที่ยว!$R$6:$R$10005,$J28)) | N28: =IF($J28="","",MATCH($M28,บันทึกรายเที่ยว!$R$6:$R$10005,0)) | O28: =IF($J28="","",MATCH($L28,บันทึกรายเที่ยว!$S$6:$S$10005,0)) | P28: =IF($J28="","",IF(AND(OR($I$3="(ทั้งหมด)",INDEX(บันทึกรายเที่ยว!$C$6:$C$10005,$J28)=$I$3),OR($I$5="(ทั้งหมด)",INDEX(บันทึกรายเที่ยว!$D$6:$D$10005,$J28)=$I$5),OR($I$7="(ทั้งหมด)",INDEX(บันทึกรายเที่ยว!$F$6:$F$10005,$J28)=$I$7)),$N28*10000000+$O28*1000+21,"")) | Q28: =IFERROR(MATCH(SMALL($P$8:$P$407,21),$P$8:$P$407,0),"") | R28: =IF($Q28="","",INDEX($J$8:$J$407,$Q28)) | S28: =IF($Q28="","",INDEX($M$8:$M$407,$Q28)) | T28: =IF($Q28="","",INDEX($L$8:$L$407,$Q28)) | U28: =IF($Q28="","",INDEX($K$8:$K$407,$Q28)) | V28: =IF($Q28="",0,IF($S28<>$S27,1,0)) -> 0 | W28: =IF($Q28="",0,IF($T28<>$T27,1,0)) -> 0 | X28: =IF($Q28="",99999+21,$X27+1+$V27+$W27) -> 100020 | Y28: =IF($Q28="","",INDEX(บันทึกรายเที่ยว!$Q$6:$Q$10005,$R28)) | Z28: =IF($Q28="","",INDEX(บันทึกรายเที่ยว!$F$6:$F$10005,$R28)) | AA28: =IFERROR(MATCH(21,$X$8:$X$407,1),"") | AB28: =IF(21=$AD$1+1,"G",IF($AA28="","",IF(INDEX($Q$8:$Q$407,$AA28)="","",IF(21>INDEX($X$8:$X$407,$AA28)+INDEX($V$8:$V$407,$AA28)+INDEX($W$8:$W$407,$AA28),"",IF(21=INDEX($X$8:$X$407,$AA28)+INDEX($V$8:$V$407,$AA28)+INDEX($W$8:$W$407,$AA28),"D",IF(AND(INDEX($W$8:$W$407,$AA28)=1,21=INDEX($X$8:$X$407,$AA28)+INDEX($V$8:$V$407,$AA28)),"S","R")))))) | AC28: =IF(OR($AB28="",$AB28="G"),"",IF($AB28="D",INDEX($U$8:$U$407,$AA28),IF($AB28="S",INDEX($T$8:$T$407,$AA28)&"|*",INDEX($S$8:$S$407,$AA28)&"|*"))) | AE28: =IF($U28="",0,COUNTIF(บันทึกรายเที่ยว!$T$6:$T$10005,$U28)) -> 0 | AF28: =IF($U28="",0,ROUND(SUMIF(บันทึกรายเที่ยว!$T$6:$T$10005,$U28,บันทึกรายเที่ยว!$J$6:$J$10005),2)) -> 0 | AG28: =IF($U28="",0,ROUND(SUMIF(บันทึกรายเที่ยว!$T$6:$T$10005,$U28,บันทึกรายเที่ยว!$K$6:$K$10005),2)) -> 0 | AH28: =IF($U28="",0,ROUND(SUMIF(บันทึกรายเที่ยว!$T$6:$T$10005,$U28,บันทึกรายเที่ยว!$M$6:$M$10005),2)) -> 0
A29: =IF($AB29="G","ผลรวมทั้งหมด",IF($AB29="R",INDEX($S$8:$S$407,$AA29),"")) | B29: =IF($AB29="S",INDEX($Y$8:$Y$407,$AA29),"") | C29: =IF($AB29="D",INDEX($Z$8:$Z$407,$AA29),"") | D29: =IF($AB29="G",SUM($AE$8:$AE$407),IF(OR($AB29="",$AB29="R"),"",IF($AB29="D",INDEX($AE$8:$AE$407,$AA29),SUMIF($T$8:$T$407,INDEX($T$8:$T$407,$AA29),$AE$8:$AE$407)))) | E29: =IF(22=$AD$1+3,"ขอแสดงความนับถือ",IF(22=$AD$1+6,"( )",IF(22=$AD$1+7,"เจ้าหน้าที่ขนส่ง",IF($AB29="G",SUM($AF$8:$AF$407),IF(OR($AB29="",$AB29="R"),"",IF($AB29="D",INDEX($AF$8:$AF$407,$AA29),SUMIF($T$8:$T$407,INDEX($T$8:$T$407,$AA29),$AF$8:$AF$407))))))) | F29: =IF($AB29="G",SUM($AG$8:$AG$407),IF(OR($AB29="",$AB29="R"),"",IF($AB29="D",INDEX($AG$8:$AG$407,$AA29),SUMIF($T$8:$T$407,INDEX($T$8:$T$407,$AA29),$AG$8:$AG$407)))) | G29: =IF(OR($AB29="",$AB29="R"),"",ROUND($E29-$F29,2)) | H29: =IF($AB29="G",SUM($AH$8:$AH$407),IF(OR($AB29="",$AB29="R"),"",IF($AB29="D",INDEX($AH$8:$AH$407,$AA29),SUMIF($T$8:$T$407,INDEX($T$8:$T$407,$AA29),$AH$8:$AH$407)))) | J29: =IFERROR(MATCH(22,บันทึกรายเที่ยว!$W$6:$W$10005,0),"") | K29: =IF($J29="","",INDEX(บันทึกรายเที่ยว!$T$6:$T$10005,$J29)) | L29: =IF($J29="","",INDEX(บันทึกรายเที่ยว!$S$6:$S$10005,$J29)) | M29: =IF($J29="","",INDEX(บันทึกรายเที่ยว!$R$6:$R$10005,$J29)) | N29: =IF($J29="","",MATCH($M29,บันทึกรายเที่ยว!$R$6:$R$10005,0)) | O29: =IF($J29="","",MATCH($L29,บันทึกรายเที่ยว!$S$6:$S$10005,0)) | P29: =IF($J29="","",IF(AND(OR($I$3="(ทั้งหมด)",INDEX(บันทึกรายเที่ยว!$C$6:$C$10005,$J29)=$I$3),OR($I$5="(ทั้งหมด)",INDEX(บันทึกรายเที่ยว!$D$6:$D$10005,$J29)=$I$5),OR($I$7="(ทั้งหมด)",INDEX(บันทึกรายเที่ยว!$F$6:$F$10005,$J29)=$I$7)),$N29*10000000+$O29*1000+22,"")) | Q29: =IFERROR(MATCH(SMALL($P$8:$P$407,22),$P$8:$P$407,0),"") | R29: =IF($Q29="","",INDEX($J$8:$J$407,$Q29)) | S29: =IF($Q29="","",INDEX($M$8:$M$407,$Q29)) | T29: =IF($Q29="","",INDEX($L$8:$L$407,$Q29)) | U29: =IF($Q29="","",INDEX($K$8:$K$407,$Q29)) | V29: =IF($Q29="",0,IF($S29<>$S28,1,0)) -> 0 | W29: =IF($Q29="",0,IF($T29<>$T28,1,0)) -> 0 | X29: =IF($Q29="",99999+22,$X28+1+$V28+$W28) -> 100021 | Y29: =IF($Q29="","",INDEX(บันทึกรายเที่ยว!$Q$6:$Q$10005,$R29)) | Z29: =IF($Q29="","",INDEX(บันทึกรายเที่ยว!$F$6:$F$10005,$R29)) | AA29: =IFERROR(MATCH(22,$X$8:$X$407,1),"") | AB29: =IF(22=$AD$1+1,"G",IF($AA29="","",IF(INDEX($Q$8:$Q$407,$AA29)="","",IF(22>INDEX($X$8:$X$407,$AA29)+INDEX($V$8:$V$407,$AA29)+INDEX($W$8:$W$407,$AA29),"",IF(22=INDEX($X$8:$X$407,$AA29)+INDEX($V$8:$V$407,$AA29)+INDEX($W$8:$W$407,$AA29),"D",IF(AND(INDEX($W$8:$W$407,$AA29)=1,22=INDEX($X$8:$X$407,$AA29)+INDEX($V$8:$V$407,$AA29)),"S","R")))))) | AC29: =IF(OR($AB29="",$AB29="G"),"",IF($AB29="D",INDEX($U$8:$U$407,$AA29),IF($AB29="S",INDEX($T$8:$T$407,$AA29)&"|*",INDEX($S$8:$S$407,$AA29)&"|*"))) | AE29: =IF($U29="",0,COUNTIF(บันทึกรายเที่ยว!$T$6:$T$10005,$U29)) -> 0 | AF29: =IF($U29="",0,ROUND(SUMIF(บันทึกรายเที่ยว!$T$6:$T$10005,$U29,บันทึกรายเที่ยว!$J$6:$J$10005),2)) -> 0 | AG29: =IF($U29="",0,ROUND(SUMIF(บันทึกรายเที่ยว!$T$6:$T$10005,$U29,บันทึกรายเที่ยว!$K$6:$K$10005),2)) -> 0 | AH29: =IF($U29="",0,ROUND(SUMIF(บันทึกรายเที่ยว!$T$6:$T$10005,$U29,บันทึกรายเที่ยว!$M$6:$M$10005),2)) -> 0
A30: =IF($AB30="G","ผลรวมทั้งหมด",IF($AB30="R",INDEX($S$8:$S$407,$AA30),"")) | B30: =IF($AB30="S",INDEX($Y$8:$Y$407,$AA30),"") | C30: =IF($AB30="D",INDEX($Z$8:$Z$407,$AA30),"") | D30: =IF($AB30="G",SUM($AE$8:$AE$407),IF(OR($AB30="",$AB30="R"),"",IF($AB30="D",INDEX($AE$8:$AE$407,$AA30),SUMIF($T$8:$T$407,INDEX($T$8:$T$407,$AA30),$AE$8:$AE$407)))) | E30: =IF(23=$AD$1+3,"ขอแสดงความนับถือ",IF(23=$AD$1+6,"( )",IF(23=$AD$1+7,"เจ้าหน้าที่ขนส่ง",IF($AB30="G",SUM($AF$8:$AF$407),IF(OR($AB30="",$AB30="R"),"",IF($AB30="D",INDEX($AF$8:$AF$407,$AA30),SUMIF($T$8:$T$407,INDEX($T$8:$T$407,$AA30),$AF$8:$AF$407))))))) | F30: =IF($AB30="G",SUM($AG$8:$AG$407),IF(OR($AB30="",$AB30="R"),"",IF($AB30="D",INDEX($AG$8:$AG$407,$AA30),SUMIF($T$8:$T$407,INDEX($T$8:$T$407,$AA30),$AG$8:$AG$407)))) | G30: =IF(OR($AB30="",$AB30="R"),"",ROUND($E30-$F30,2)) | H30: =IF($AB30="G",SUM($AH$8:$AH$407),IF(OR($AB30="",$AB30="R"),"",IF($AB30="D",INDEX($AH$8:$AH$407,$AA30),SUMIF($T$8:$T$407,INDEX($T$8:$T$407,$AA30),$AH$8:$AH$407)))) | J30: =IFERROR(MATCH(23,บันทึกรายเที่ยว!$W$6:$W$10005,0),"") | K30: =IF($J30="","",INDEX(บันทึกรายเที่ยว!$T$6:$T$10005,$J30)) | L30: =IF($J30="","",INDEX(บันทึกรายเที่ยว!$S$6:$S$10005,$J30)) | M30: =IF($J30="","",INDEX(บันทึกรายเที่ยว!$R$6:$R$10005,$J30)) | N30: =IF($J30="","",MATCH($M30,บันทึกรายเที่ยว!$R$6:$R$10005,0)) | O30: =IF($J30="","",MATCH($L30,บันทึกรายเที่ยว!$S$6:$S$10005,0)) | P30: =IF($J30="","",IF(AND(OR($I$3="(ทั้งหมด)",INDEX(บันทึกรายเที่ยว!$C$6:$C$10005,$J30)=$I$3),OR($I$5="(ทั้งหมด)",INDEX(บันทึกรายเที่ยว!$D$6:$D$10005,$J30)=$I$5),OR($I$7="(ทั้งหมด)",INDEX(บันทึกรายเที่ยว!$F$6:$F$10005,$J30)=$I$7)),$N30*10000000+$O30*1000+23,"")) | Q30: =IFERROR(MATCH(SMALL($P$8:$P$407,23),$P$8:$P$407,0),"") | R30: =IF($Q30="","",INDEX($J$8:$J$407,$Q30)) | S30: =IF($Q30="","",INDEX($M$8:$M$407,$Q30)) | T30: =IF($Q30="","",INDEX($L$8:$L$407,$Q30)) | U30: =IF($Q30="","",INDEX($K$8:$K$407,$Q30)) | V30: =IF($Q30="",0,IF($S30<>$S29,1,0)) -> 0 | W30: =IF($Q30="",0,IF($T30<>$T29,1,0)) -> 0 | X30: =IF($Q30="",99999+23,$X29+1+$V29+$W29) -> 100022 | Y30: =IF($Q30="","",INDEX(บันทึกรายเที่ยว!$Q$6:$Q$10005,$R30)) | Z30: =IF($Q30="","",INDEX(บันทึกรายเที่ยว!$F$6:$F$10005,$R30)) | AA30: =IFERROR(MATCH(23,$X$8:$X$407,1),"") | AB30: =IF(23=$AD$1+1,"G",IF($AA30="","",IF(INDEX($Q$8:$Q$407,$AA30)="","",IF(23>INDEX($X$8:$X$407,$AA30)+INDEX($V$8:$V$407,$AA30)+INDEX($W$8:$W$407,$AA30),"",IF(23=INDEX($X$8:$X$407,$AA30)+INDEX($V$8:$V$407,$AA30)+INDEX($W$8:$W$407,$AA30),"D",IF(AND(INDEX($W$8:$W$407,$AA30)=1,23=INDEX($X$8:$X$407,$AA30)+INDEX($V$8:$V$407,$AA30)),"S","R")))))) | AC30: =IF(OR($AB30="",$AB30="G"),"",IF($AB30="D",INDEX($U$8:$U$407,$AA30),IF($AB30="S",INDEX($T$8:$T$407,$AA30)&"|*",INDEX($S$8:$S$407,$AA30)&"|*"))) | AE30: =IF($U30="",0,COUNTIF(บันทึกรายเที่ยว!$T$6:$T$10005,$U30)) -> 0 | AF30: =IF($U30="",0,ROUND(SUMIF(บันทึกรายเที่ยว!$T$6:$T$10005,$U30,บันทึกรายเที่ยว!$J$6:$J$10005),2)) -> 0 | AG30: =IF($U30="",0,ROUND(SUMIF(บันทึกรายเที่ยว!$T$6:$T$10005,$U30,บันทึกรายเที่ยว!$K$6:$K$10005),2)) -> 0 | AH30: =IF($U30="",0,ROUND(SUMIF(บันทึกรายเที่ยว!$T$6:$T$10005,$U30,บันทึกรายเที่ยว!$M$6:$M$10005),2)) -> 0
A31: =IF($AB31="G","ผลรวมทั้งหมด",IF($AB31="R",INDEX($S$8:$S$407,$AA31),"")) | B31: =IF($AB31="S",INDEX($Y$8:$Y$407,$AA31),"") | C31: =IF($AB31="D",INDEX($Z$8:$Z$407,$AA31),"") | D31: =IF($AB31="G",SUM($AE$8:$AE$407),IF(OR($AB31="",$AB31="R"),"",IF($AB31="D",INDEX($AE$8:$AE$407,$AA31),SUMIF($T$8:$T$407,INDEX($T$8:$T$407,$AA31),$AE$8:$AE$407)))) | E31: =IF(24=$AD$1+3,"ขอแสดงความนับถือ",IF(24=$AD$1+6,"( )",IF(24=$AD$1+7,"เจ้าหน้าที่ขนส่ง",IF($AB31="G",SUM($AF$8:$AF$407),IF(OR($AB31="",$AB31="R"),"",IF($AB31="D",INDEX($AF$8:$AF$407,$AA31),SUMIF($T$8:$T$407,INDEX($T$8:$T$407,$AA31),$AF$8:$AF$407))))))) | F31: =IF($AB31="G",SUM($AG$8:$AG$407),IF(OR($AB31="",$AB31="R"),"",IF($AB31="D",INDEX($AG$8:$AG$407,$AA31),SUMIF($T$8:$T$407,INDEX($T$8:$T$407,$AA31),$AG$8:$AG$407)))) | G31: =IF(OR($AB31="",$AB31="R"),"",ROUND($E31-$F31,2)) | H31: =IF($AB31="G",SUM($AH$8:$AH$407),IF(OR($AB31="",$AB31="R"),"",IF($AB31="D",INDEX($AH$8:$AH$407,$AA31),SUMIF($T$8:$T$407,INDEX($T$8:$T$407,$AA31),$AH$8:$AH$407)))) | J31: =IFERROR(MATCH(24,บันทึกรายเที่ยว!$W$6:$W$10005,0),"") | K31: =IF($J31="","",INDEX(บันทึกรายเที่ยว!$T$6:$T$10005,$J31)) | L31: =IF($J31="","",INDEX(บันทึกรายเที่ยว!$S$6:$S$10005,$J31)) | M31: =IF($J31="","",INDEX(บันทึกรายเที่ยว!$R$6:$R$10005,$J31)) | N31: =IF($J31="","",MATCH($M31,บันทึกรายเที่ยว!$R$6:$R$10005,0)) | O31: =IF($J31="","",MATCH($L31,บันทึกรายเที่ยว!$S$6:$S$10005,0)) | P31: =IF($J31="","",IF(AND(OR($I$3="(ทั้งหมด)",INDEX(บันทึกรายเที่ยว!$C$6:$C$10005,$J31)=$I$3),OR($I$5="(ทั้งหมด)",INDEX(บันทึกรายเที่ยว!$D$6:$D$10005,$J31)=$I$5),OR($I$7="(ทั้งหมด)",INDEX(บันทึกรายเที่ยว!$F$6:$F$10005,$J31)=$I$7)),$N31*10000000+$O31*1000+24,"")) | Q31: =IFERROR(MATCH(SMALL($P$8:$P$407,24),$P$8:$P$407,0),"") | R31: =IF($Q31="","",INDEX($J$8:$J$407,$Q31)) | S31: =IF($Q31="","",INDEX($M$8:$M$407,$Q31)) | T31: =IF($Q31="","",INDEX($L$8:$L$407,$Q31)) | U31: =IF($Q31="","",INDEX($K$8:$K$407,$Q31)) | V31: =IF($Q31="",0,IF($S31<>$S30,1,0)) -> 0 | W31: =IF($Q31="",0,IF($T31<>$T30,1,0)) -> 0 | X31: =IF($Q31="",99999+24,$X30+1+$V30+$W30) -> 100023 | Y31: =IF($Q31="","",INDEX(บันทึกรายเที่ยว!$Q$6:$Q$10005,$R31)) | Z31: =IF($Q31="","",INDEX(บันทึกรายเที่ยว!$F$6:$F$10005,$R31)) | AA31: =IFERROR(MATCH(24,$X$8:$X$407,1),"") | AB31: =IF(24=$AD$1+1,"G",IF($AA31="","",IF(INDEX($Q$8:$Q$407,$AA31)="","",IF(24>INDEX($X$8:$X$407,$AA31)+INDEX($V$8:$V$407,$AA31)+INDEX($W$8:$W$407,$AA31),"",IF(24=INDEX($X$8:$X$407,$AA31)+INDEX($V$8:$V$407,$AA31)+INDEX($W$8:$W$407,$AA31),"D",IF(AND(INDEX($W$8:$W$407,$AA31)=1,24=INDEX($X$8:$X$407,$AA31)+INDEX($V$8:$V$407,$AA31)),"S","R")))))) | AC31: =IF(OR($AB31="",$AB31="G"),"",IF($AB31="D",INDEX($U$8:$U$407,$AA31),IF($AB31="S",INDEX($T$8:$T$407,$AA31)&"|*",INDEX($S$8:$S$407,$AA31)&"|*"))) | AE31: =IF($U31="",0,COUNTIF(บันทึกรายเที่ยว!$T$6:$T$10005,$U31)) -> 0 | AF31: =IF($U31="",0,ROUND(SUMIF(บันทึกรายเที่ยว!$T$6:$T$10005,$U31,บันทึกรายเที่ยว!$J$6:$J$10005),2)) -> 0 | AG31: =IF($U31="",0,ROUND(SUMIF(บันทึกรายเที่ยว!$T$6:$T$10005,$U31,บันทึกรายเที่ยว!$K$6:$K$10005),2)) -> 0 | AH31: =IF($U31="",0,ROUND(SUMIF(บันทึกรายเที่ยว!$T$6:$T$10005,$U31,บันทึกรายเที่ยว!$M$6:$M$10005),2)) -> 0
A32: =IF($AB32="G","ผลรวมทั้งหมด",IF($AB32="R",INDEX($S$8:$S$407,$AA32),"")) | B32: =IF($AB32="S",INDEX($Y$8:$Y$407,$AA32),"") | C32: =IF($AB32="D",INDEX($Z$8:$Z$407,$AA32),"") | D32: =IF($AB32="G",SUM($AE$8:$AE$407),IF(OR($AB32="",$AB32="R"),"",IF($AB32="D",INDEX($AE$8:$AE$407,$AA32),SUMIF($T$8:$T$407,INDEX($T$8:$T$407,$AA32),$AE$8:$AE$407)))) | E32: =IF(25=$AD$1+3,"ขอแสดงความนับถือ",IF(25=$AD$1+6,"( )",IF(25=$AD$1+7,"เจ้าหน้าที่ขนส่ง",IF($AB32="G",SUM($AF$8:$AF$407),IF(OR($AB32="",$AB32="R"),"",IF($AB32="D",INDEX($AF$8:$AF$407,$AA32),SUMIF($T$8:$T$407,INDEX($T$8:$T$407,$AA32),$AF$8:$AF$407))))))) | F32: =IF($AB32="G",SUM($AG$8:$AG$407),IF(OR($AB32="",$AB32="R"),"",IF($AB32="D",INDEX($AG$8:$AG$407,$AA32),SUMIF($T$8:$T$407,INDEX($T$8:$T$407,$AA32),$AG$8:$AG$407)))) | G32: =IF(OR($AB32="",$AB32="R"),"",ROUND($E32-$F32,2)) | H32: =IF($AB32="G",SUM($AH$8:$AH$407),IF(OR($AB32="",$AB32="R"),"",IF($AB32="D",INDEX($AH$8:$AH$407,$AA32),SUMIF($T$8:$T$407,INDEX($T$8:$T$407,$AA32),$AH$8:$AH$407)))) | J32: =IFERROR(MATCH(25,บันทึกรายเที่ยว!$W$6:$W$10005,0),"") | K32: =IF($J32="","",INDEX(บันทึกรายเที่ยว!$T$6:$T$10005,$J32)) | L32: =IF($J32="","",INDEX(บันทึกรายเที่ยว!$S$6:$S$10005,$J32)) | M32: =IF($J32="","",INDEX(บันทึกรายเที่ยว!$R$6:$R$10005,$J32)) | N32: =IF($J32="","",MATCH($M32,บันทึกรายเที่ยว!$R$6:$R$10005,0)) | O32: =IF($J32="","",MATCH($L32,บันทึกรายเที่ยว!$S$6:$S$10005,0)) | P32: =IF($J32="","",IF(AND(OR($I$3="(ทั้งหมด)",INDEX(บันทึกรายเที่ยว!$C$6:$C$10005,$J32)=$I$3),OR($I$5="(ทั้งหมด)",INDEX(บันทึกรายเที่ยว!$D$6:$D$10005,$J32)=$I$5),OR($I$7="(ทั้งหมด)",INDEX(บันทึกรายเที่ยว!$F$6:$F$10005,$J32)=$I$7)),$N32*10000000+$O32*1000+25,"")) | Q32: =IFERROR(MATCH(SMALL($P$8:$P$407,25),$P$8:$P$407,0),"") | R32: =IF($Q32="","",INDEX($J$8:$J$407,$Q32)) | S32: =IF($Q32="","",INDEX($M$8:$M$407,$Q32)) | T32: =IF($Q32="","",INDEX($L$8:$L$407,$Q32)) | U32: =IF($Q32="","",INDEX($K$8:$K$407,$Q32)) | V32: =IF($Q32="",0,IF($S32<>$S31,1,0)) -> 0 | W32: =IF($Q32="",0,IF($T32<>$T31,1,0)) -> 0 | X32: =IF($Q32="",99999+25,$X31+1+$V31+$W31) -> 100024 | Y32: =IF($Q32="","",INDEX(บันทึกรายเที่ยว!$Q$6:$Q$10005,$R32)) | Z32: =IF($Q32="","",INDEX(บันทึกรายเที่ยว!$F$6:$F$10005,$R32)) | AA32: =IFERROR(MATCH(25,$X$8:$X$407,1),"") | AB32: =IF(25=$AD$1+1,"G",IF($AA32="","",IF(INDEX($Q$8:$Q$407,$AA32)="","",IF(25>INDEX($X$8:$X$407,$AA32)+INDEX($V$8:$V$407,$AA32)+INDEX($W$8:$W$407,$AA32),"",IF(25=INDEX($X$8:$X$407,$AA32)+INDEX($V$8:$V$407,$AA32)+INDEX($W$8:$W$407,$AA32),"D",IF(AND(INDEX($W$8:$W$407,$AA32)=1,25=INDEX($X$8:$X$407,$AA32)+INDEX($V$8:$V$407,$AA32)),"S","R")))))) | AC32: =IF(OR($AB32="",$AB32="G"),"",IF($AB32="D",INDEX($U$8:$U$407,$AA32),IF($AB32="S",INDEX($T$8:$T$407,$AA32)&"|*",INDEX($S$8:$S$407,$AA32)&"|*"))) | AE32: =IF($U32="",0,COUNTIF(บันทึกรายเที่ยว!$T$6:$T$10005,$U32)) -> 0 | AF32: =IF($U32="",0,ROUND(SUMIF(บันทึกรายเที่ยว!$T$6:$T$10005,$U32,บันทึกรายเที่ยว!$J$6:$J$10005),2)) -> 0 | AG32: =IF($U32="",0,ROUND(SUMIF(บันทึกรายเที่ยว!$T$6:$T$10005,$U32,บันทึกรายเที่ยว!$K$6:$K$10005),2)) -> 0 | AH32: =IF($U32="",0,ROUND(SUMIF(บันทึกรายเที่ยว!$T$6:$T$10005,$U32,บันทึกรายเที่ยว!$M$6:$M$10005),2)) -> 0
A33: =IF($AB33="G","ผลรวมทั้งหมด",IF($AB33="R",INDEX($S$8:$S$407,$AA33),"")) | B33: =IF($AB33="S",INDEX($Y$8:$Y$407,$AA33),"") | C33: =IF($AB33="D",INDEX($Z$8:$Z$407,$AA33),"") | D33: =IF($AB33="G",SUM($AE$8:$AE$407),IF(OR($AB33="",$AB33="R"),"",IF($AB33="D",INDEX($AE$8:$AE$407,$AA33),SUMIF($T$8:$T$407,INDEX($T$8:$T$407,$AA33),$AE$8:$AE$407)))) | E33: =IF(26=$AD$1+3,"ขอแสดงความนับถือ",IF(26=$AD$1+6,"( )",IF(26=$AD$1+7,"เจ้าหน้าที่ขนส่ง",IF($AB33="G",SUM($AF$8:$AF$407),IF(OR($AB33="",$AB33="R"),"",IF($AB33="D",INDEX($AF$8:$AF$407,$AA33),SUMIF($T$8:$T$407,INDEX($T$8:$T$407,$AA33),$AF$8:$AF$407))))))) | F33: =IF($AB33="G",SUM($AG$8:$AG$407),IF(OR($AB33="",$AB33="R"),"",IF($AB33="D",INDEX($AG$8:$AG$407,$AA33),SUMIF($T$8:$T$407,INDEX($T$8:$T$407,$AA33),$AG$8:$AG$407)))) | G33: =IF(OR($AB33="",$AB33="R"),"",ROUND($E33-$F33,2)) | H33: =IF($AB33="G",SUM($AH$8:$AH$407),IF(OR($AB33="",$AB33="R"),"",IF($AB33="D",INDEX($AH$8:$AH$407,$AA33),SUMIF($T$8:$T$407,INDEX($T$8:$T$407,$AA33),$AH$8:$AH$407)))) | J33: =IFERROR(MATCH(26,บันทึกรายเที่ยว!$W$6:$W$10005,0),"") | K33: =IF($J33="","",INDEX(บันทึกรายเที่ยว!$T$6:$T$10005,$J33)) | L33: =IF($J33="","",INDEX(บันทึกรายเที่ยว!$S$6:$S$10005,$J33)) | M33: =IF($J33="","",INDEX(บันทึกรายเที่ยว!$R$6:$R$10005,$J33)) | N33: =IF($J33="","",MATCH($M33,บันทึกรายเที่ยว!$R$6:$R$10005,0)) | O33: =IF($J33="","",MATCH($L33,บันทึกรายเที่ยว!$S$6:$S$10005,0)) | P33: =IF($J33="","",IF(AND(OR($I$3="(ทั้งหมด)",INDEX(บันทึกรายเที่ยว!$C$6:$C$10005,$J33)=$I$3),OR($I$5="(ทั้งหมด)",INDEX(บันทึกรายเที่ยว!$D$6:$D$10005,$J33)=$I$5),OR($I$7="(ทั้งหมด)",INDEX(บันทึกรายเที่ยว!$F$6:$F$10005,$J33)=$I$7)),$N33*10000000+$O33*1000+26,"")) | Q33: =IFERROR(MATCH(SMALL($P$8:$P$407,26),$P$8:$P$407,0),"") | R33: =IF($Q33="","",INDEX($J$8:$J$407,$Q33)) | S33: =IF($Q33="","",INDEX($M$8:$M$407,$Q33)) | T33: =IF($Q33="","",INDEX($L$8:$L$407,$Q33)) | U33: =IF($Q33="","",INDEX($K$8:$K$407,$Q33)) | V33: =IF($Q33="",0,IF($S33<>$S32,1,0)) -> 0 | W33: =IF($Q33="",0,IF($T33<>$T32,1,0)) -> 0 | X33: =IF($Q33="",99999+26,$X32+1+$V32+$W32) -> 100025 | Y33: =IF($Q33="","",INDEX(บันทึกรายเที่ยว!$Q$6:$Q$10005,$R33)) | Z33: =IF($Q33="","",INDEX(บันทึกรายเที่ยว!$F$6:$F$10005,$R33)) | AA33: =IFERROR(MATCH(26,$X$8:$X$407,1),"") | AB33: =IF(26=$AD$1+1,"G",IF($AA33="","",IF(INDEX($Q$8:$Q$407,$AA33)="","",IF(26>INDEX($X$8:$X$407,$AA33)+INDEX($V$8:$V$407,$AA33)+INDEX($W$8:$W$407,$AA33),"",IF(26=INDEX($X$8:$X$407,$AA33)+INDEX($V$8:$V$407,$AA33)+INDEX($W$8:$W$407,$AA33),"D",IF(AND(INDEX($W$8:$W$407,$AA33)=1,26=INDEX($X$8:$X$407,$AA33)+INDEX($V$8:$V$407,$AA33)),"S","R")))))) | AC33: =IF(OR($AB33="",$AB33="G"),"",IF($AB33="D",INDEX($U$8:$U$407,$AA33),IF($AB33="S",INDEX($T$8:$T$407,$AA33)&"|*",INDEX($S$8:$S$407,$AA33)&"|*"))) | AE33: =IF($U33="",0,COUNTIF(บันทึกรายเที่ยว!$T$6:$T$10005,$U33)) -> 0 | AF33: =IF($U33="",0,ROUND(SUMIF(บันทึกรายเที่ยว!$T$6:$T$10005,$U33,บันทึกรายเที่ยว!$J$6:$J$10005),2)) -> 0 | AG33: =IF($U33="",0,ROUND(SUMIF(บันทึกรายเที่ยว!$T$6:$T$10005,$U33,บันทึกรายเที่ยว!$K$6:$K$10005),2)) -> 0 | AH33: =IF($U33="",0,ROUND(SUMIF(บันทึกรายเที่ยว!$T$6:$T$10005,$U33,บันทึกรายเที่ยว!$M$6:$M$10005),2)) -> 0
A34: =IF($AB34="G","ผลรวมทั้งหมด",IF($AB34="R",INDEX($S$8:$S$407,$AA34),"")) | B34: =IF($AB34="S",INDEX($Y$8:$Y$407,$AA34),"") | C34: =IF($AB34="D",INDEX($Z$8:$Z$407,$AA34),"") | D34: =IF($AB34="G",SUM($AE$8:$AE$407),IF(OR($AB34="",$AB34="R"),"",IF($AB34="D",INDEX($AE$8:$AE$407,$AA34),SUMIF($T$8:$T$407,INDEX($T$8:$T$407,$AA34),$AE$8:$AE$407)))) | E34: =IF(27=$AD$1+3,"ขอแสดงความนับถือ",IF(27=$AD$1+6,"( )",IF(27=$AD$1+7,"เจ้าหน้าที่ขนส่ง",IF($AB34="G",SUM($AF$8:$AF$407),IF(OR($AB34="",$AB34="R"),"",IF($AB34="D",INDEX($AF$8:$AF$407,$AA34),SUMIF($T$8:$T$407,INDEX($T$8:$T$407,$AA34),$AF$8:$AF$407))))))) | F34: =IF($AB34="G",SUM($AG$8:$AG$407),IF(OR($AB34="",$AB34="R"),"",IF($AB34="D",INDEX($AG$8:$AG$407,$AA34),SUMIF($T$8:$T$407,INDEX($T$8:$T$407,$AA34),$AG$8:$AG$407)))) | G34: =IF(OR($AB34="",$AB34="R"),"",ROUND($E34-$F34,2)) | H34: =IF($AB34="G",SUM($AH$8:$AH$407),IF(OR($AB34="",$AB34="R"),"",IF($AB34="D",INDEX($AH$8:$AH$407,$AA34),SUMIF($T$8:$T$407,INDEX($T$8:$T$407,$AA34),$AH$8:$AH$407)))) | J34: =IFERROR(MATCH(27,บันทึกรายเที่ยว!$W$6:$W$10005,0),"") | K34: =IF($J34="","",INDEX(บันทึกรายเที่ยว!$T$6:$T$10005,$J34)) | L34: =IF($J34="","",INDEX(บันทึกรายเที่ยว!$S$6:$S$10005,$J34)) | M34: =IF($J34="","",INDEX(บันทึกรายเที่ยว!$R$6:$R$10005,$J34)) | N34: =IF($J34="","",MATCH($M34,บันทึกรายเที่ยว!$R$6:$R$10005,0)) | O34: =IF($J34="","",MATCH($L34,บันทึกรายเที่ยว!$S$6:$S$10005,0)) | P34: =IF($J34="","",IF(AND(OR($I$3="(ทั้งหมด)",INDEX(บันทึกรายเที่ยว!$C$6:$C$10005,$J34)=$I$3),OR($I$5="(ทั้งหมด)",INDEX(บันทึกรายเที่ยว!$D$6:$D$10005,$J34)=$I$5),OR($I$7="(ทั้งหมด)",INDEX(บันทึกรายเที่ยว!$F$6:$F$10005,$J34)=$I$7)),$N34*10000000+$O34*1000+27,"")) | Q34: =IFERROR(MATCH(SMALL($P$8:$P$407,27),$P$8:$P$407,0),"") | R34: =IF($Q34="","",INDEX($J$8:$J$407,$Q34)) | S34: =IF($Q34="","",INDEX($M$8:$M$407,$Q34)) | T34: =IF($Q34="","",INDEX($L$8:$L$407,$Q34)) | U34: =IF($Q34="","",INDEX($K$8:$K$407,$Q34)) | V34: =IF($Q34="",0,IF($S34<>$S33,1,0)) -> 0 | W34: =IF($Q34="",0,IF($T34<>$T33,1,0)) -> 0 | X34: =IF($Q34="",99999+27,$X33+1+$V33+$W33) -> 100026 | Y34: =IF($Q34="","",INDEX(บันทึกรายเที่ยว!$Q$6:$Q$10005,$R34)) | Z34: =IF($Q34="","",INDEX(บันทึกรายเที่ยว!$F$6:$F$10005,$R34)) | AA34: =IFERROR(MATCH(27,$X$8:$X$407,1),"") | AB34: =IF(27=$AD$1+1,"G",IF($AA34="","",IF(INDEX($Q$8:$Q$407,$AA34)="","",IF(27>INDEX($X$8:$X$407,$AA34)+INDEX($V$8:$V$407,$AA34)+INDEX($W$8:$W$407,$AA34),"",IF(27=INDEX($X$8:$X$407,$AA34)+INDEX($V$8:$V$407,$AA34)+INDEX($W$8:$W$407,$AA34),"D",IF(AND(INDEX($W$8:$W$407,$AA34)=1,27=INDEX($X$8:$X$407,$AA34)+INDEX($V$8:$V$407,$AA34)),"S","R")))))) | AC34: =IF(OR($AB34="",$AB34="G"),"",IF($AB34="D",INDEX($U$8:$U$407,$AA34),IF($AB34="S",INDEX($T$8:$T$407,$AA34)&"|*",INDEX($S$8:$S$407,$AA34)&"|*"))) | AE34: =IF($U34="",0,COUNTIF(บันทึกรายเที่ยว!$T$6:$T$10005,$U34)) -> 0 | AF34: =IF($U34="",0,ROUND(SUMIF(บันทึกรายเที่ยว!$T$6:$T$10005,$U34,บันทึกรายเที่ยว!$J$6:$J$10005),2)) -> 0 | AG34: =IF($U34="",0,ROUND(SUMIF(บันทึกรายเที่ยว!$T$6:$T$10005,$U34,บันทึกรายเที่ยว!$K$6:$K$10005),2)) -> 0 | AH34: =IF($U34="",0,ROUND(SUMIF(บันทึกรายเที่ยว!$T$6:$T$10005,$U34,บันทึกรายเที่ยว!$M$6:$M$10005),2)) -> 0
A35: =IF($AB35="G","ผลรวมทั้งหมด",IF($AB35="R",INDEX($S$8:$S$407,$AA35),"")) | B35: =IF($AB35="S",INDEX($Y$8:$Y$407,$AA35),"") | C35: =IF($AB35="D",INDEX($Z$8:$Z$407,$AA35),"") | D35: =IF($AB35="G",SUM($AE$8:$AE$407),IF(OR($AB35="",$AB35="R"),"",IF($AB35="D",INDEX($AE$8:$AE$407,$AA35),SUMIF($T$8:$T$407,INDEX($T$8:$T$407,$AA35),$AE$8:$AE$407)))) | E35: =IF(28=$AD$1+3,"ขอแสดงความนับถือ",IF(28=$AD$1+6,"( )",IF(28=$AD$1+7,"เจ้าหน้าที่ขนส่ง",IF($AB35="G",SUM($AF$8:$AF$407),IF(OR($AB35="",$AB35="R"),"",IF($AB35="D",INDEX($AF$8:$AF$407,$AA35),SUMIF($T$8:$T$407,INDEX($T$8:$T$407,$AA35),$AF$8:$AF$407))))))) | F35: =IF($AB35="G",SUM($AG$8:$AG$407),IF(OR($AB35="",$AB35="R"),"",IF($AB35="D",INDEX($AG$8:$AG$407,$AA35),SUMIF($T$8:$T$407,INDEX($T$8:$T$407,$AA35),$AG$8:$AG$407)))) | G35: =IF(OR($AB35="",$AB35="R"),"",ROUND($E35-$F35,2)) | H35: =IF($AB35="G",SUM($AH$8:$AH$407),IF(OR($AB35="",$AB35="R"),"",IF($AB35="D",INDEX($AH$8:$AH$407,$AA35),SUMIF($T$8:$T$407,INDEX($T$8:$T$407,$AA35),$AH$8:$AH$407)))) | J35: =IFERROR(MATCH(28,บันทึกรายเที่ยว!$W$6:$W$10005,0),"") | K35: =IF($J35="","",INDEX(บันทึกรายเที่ยว!$T$6:$T$10005,$J35)) | L35: =IF($J35="","",INDEX(บันทึกรายเที่ยว!$S$6:$S$10005,$J35)) | M35: =IF($J35="","",INDEX(บันทึกรายเที่ยว!$R$6:$R$10005,$J35)) | N35: =IF($J35="","",MATCH($M35,บันทึกรายเที่ยว!$R$6:$R$10005,0)) | O35: =IF($J35="","",MATCH($L35,บันทึกรายเที่ยว!$S$6:$S$10005,0)) | P35: =IF($J35="","",IF(AND(OR($I$3="(ทั้งหมด)",INDEX(บันทึกรายเที่ยว!$C$6:$C$10005,$J35)=$I$3),OR($I$5="(ทั้งหมด)",INDEX(บันทึกรายเที่ยว!$D$6:$D$10005,$J35)=$I$5),OR($I$7="(ทั้งหมด)",INDEX(บันทึกรายเที่ยว!$F$6:$F$10005,$J35)=$I$7)),$N35*10000000+$O35*1000+28,"")) | Q35: =IFERROR(MATCH(SMALL($P$8:$P$407,28),$P$8:$P$407,0),"") | R35: =IF($Q35="","",INDEX($J$8:$J$407,$Q35)) | S35: =IF($Q35="","",INDEX($M$8:$M$407,$Q35)) | T35: =IF($Q35="","",INDEX($L$8:$L$407,$Q35)) | U35: =IF($Q35="","",INDEX($K$8:$K$407,$Q35)) | V35: =IF($Q35="",0,IF($S35<>$S34,1,0)) -> 0 | W35: =IF($Q35="",0,IF($T35<>$T34,1,0)) -> 0 | X35: =IF($Q35="",99999+28,$X34+1+$V34+$W34) -> 100027 | Y35: =IF($Q35="","",INDEX(บันทึกรายเที่ยว!$Q$6:$Q$10005,$R35)) | Z35: =IF($Q35="","",INDEX(บันทึกรายเที่ยว!$F$6:$F$10005,$R35)) | AA35: =IFERROR(MATCH(28,$X$8:$X$407,1),"") | AB35: =IF(28=$AD$1+1,"G",IF($AA35="","",IF(INDEX($Q$8:$Q$407,$AA35)="","",IF(28>INDEX($X$8:$X$407,$AA35)+INDEX($V$8:$V$407,$AA35)+INDEX($W$8:$W$407,$AA35),"",IF(28=INDEX($X$8:$X$407,$AA35)+INDEX($V$8:$V$407,$AA35)+INDEX($W$8:$W$407,$AA35),"D",IF(AND(INDEX($W$8:$W$407,$AA35)=1,28=INDEX($X$8:$X$407,$AA35)+INDEX($V$8:$V$407,$AA35)),"S","R")))))) | AC35: =IF(OR($AB35="",$AB35="G"),"",IF($AB35="D",INDEX($U$8:$U$407,$AA35),IF($AB35="S",INDEX($T$8:$T$407,$AA35)&"|*",INDEX($S$8:$S$407,$AA35)&"|*"))) | AE35: =IF($U35="",0,COUNTIF(บันทึกรายเที่ยว!$T$6:$T$10005,$U35)) -> 0 | AF35: =IF($U35="",0,ROUND(SUMIF(บันทึกรายเที่ยว!$T$6:$T$10005,$U35,บันทึกรายเที่ยว!$J$6:$J$10005),2)) -> 0 | AG35: =IF($U35="",0,ROUND(SUMIF(บันทึกรายเที่ยว!$T$6:$T$10005,$U35,บันทึกรายเที่ยว!$K$6:$K$10005),2)) -> 0 | AH35: =IF($U35="",0,ROUND(SUMIF(บันทึกรายเที่ยว!$T$6:$T$10005,$U35,บันทึกรายเที่ยว!$M$6:$M$10005),2)) -> 0
A36: =IF($AB36="G","ผลรวมทั้งหมด",IF($AB36="R",INDEX($S$8:$S$407,$AA36),"")) | B36: =IF($AB36="S",INDEX($Y$8:$Y$407,$AA36),"") | C36: =IF($AB36="D",INDEX($Z$8:$Z$407,$AA36),"") | D36: =IF($AB36="G",SUM($AE$8:$AE$407),IF(OR($AB36="",$AB36="R"),"",IF($AB36="D",INDEX($AE$8:$AE$407,$AA36),SUMIF($T$8:$T$407,INDEX($T$8:$T$407,$AA36),$AE$8:$AE$407)))) | E36: =IF(29=$AD$1+3,"ขอแสดงความนับถือ",IF(29=$AD$1+6,"( )",IF(29=$AD$1+7,"เจ้าหน้าที่ขนส่ง",IF($AB36="G",SUM($AF$8:$AF$407),IF(OR($AB36="",$AB36="R"),"",IF($AB36="D",INDEX($AF$8:$AF$407,$AA36),SUMIF($T$8:$T$407,INDEX($T$8:$T$407,$AA36),$AF$8:$AF$407))))))) | F36: =IF($AB36="G",SUM($AG$8:$AG$407),IF(OR($AB36="",$AB36="R"),"",IF($AB36="D",INDEX($AG$8:$AG$407,$AA36),SUMIF($T$8:$T$407,INDEX($T$8:$T$407,$AA36),$AG$8:$AG$407)))) | G36: =IF(OR($AB36="",$AB36="R"),"",ROUND($E36-$F36,2)) | H36: =IF($AB36="G",SUM($AH$8:$AH$407),IF(OR($AB36="",$AB36="R"),"",IF($AB36="D",INDEX($AH$8:$AH$407,$AA36),SUMIF($T$8:$T$407,INDEX($T$8:$T$407,$AA36),$AH$8:$AH$407)))) | J36: =IFERROR(MATCH(29,บันทึกรายเที่ยว!$W$6:$W$10005,0),"") | K36: =IF($J36="","",INDEX(บันทึกรายเที่ยว!$T$6:$T$10005,$J36)) | L36: =IF($J36="","",INDEX(บันทึกรายเที่ยว!$S$6:$S$10005,$J36)) | M36: =IF($J36="","",INDEX(บันทึกรายเที่ยว!$R$6:$R$10005,$J36)) | N36: =IF($J36="","",MATCH($M36,บันทึกรายเที่ยว!$R$6:$R$10005,0)) | O36: =IF($J36="","",MATCH($L36,บันทึกรายเที่ยว!$S$6:$S$10005,0)) | P36: =IF($J36="","",IF(AND(OR($I$3="(ทั้งหมด)",INDEX(บันทึกรายเที่ยว!$C$6:$C$10005,$J36)=$I$3),OR($I$5="(ทั้งหมด)",INDEX(บันทึกรายเที่ยว!$D$6:$D$10005,$J36)=$I$5),OR($I$7="(ทั้งหมด)",INDEX(บันทึกรายเที่ยว!$F$6:$F$10005,$J36)=$I$7)),$N36*10000000+$O36*1000+29,"")) | Q36: =IFERROR(MATCH(SMALL($P$8:$P$407,29),$P$8:$P$407,0),"") | R36: =IF($Q36="","",INDEX($J$8:$J$407,$Q36)) | S36: =IF($Q36="","",INDEX($M$8:$M$407,$Q36)) | T36: =IF($Q36="","",INDEX($L$8:$L$407,$Q36)) | U36: =IF($Q36="","",INDEX($K$8:$K$407,$Q36)) | V36: =IF($Q36="",0,IF($S36<>$S35,1,0)) -> 0 | W36: =IF($Q36="",0,IF($T36<>$T35,1,0)) -> 0 | X36: =IF($Q36="",99999+29,$X35+1+$V35+$W35) -> 100028 | Y36: =IF($Q36="","",INDEX(บันทึกรายเที่ยว!$Q$6:$Q$10005,$R36)) | Z36: =IF($Q36="","",INDEX(บันทึกรายเที่ยว!$F$6:$F$10005,$R36)) | AA36: =IFERROR(MATCH(29,$X$8:$X$407,1),"") | AB36: =IF(29=$AD$1+1,"G",IF($AA36="","",IF(INDEX($Q$8:$Q$407,$AA36)="","",IF(29>INDEX($X$8:$X$407,$AA36)+INDEX($V$8:$V$407,$AA36)+INDEX($W$8:$W$407,$AA36),"",IF(29=INDEX($X$8:$X$407,$AA36)+INDEX($V$8:$V$407,$AA36)+INDEX($W$8:$W$407,$AA36),"D",IF(AND(INDEX($W$8:$W$407,$AA36)=1,29=INDEX($X$8:$X$407,$AA36)+INDEX($V$8:$V$407,$AA36)),"S","R")))))) | AC36: =IF(OR($AB36="",$AB36="G"),"",IF($AB36="D",INDEX($U$8:$U$407,$AA36),IF($AB36="S",INDEX($T$8:$T$407,$AA36)&"|*",INDEX($S$8:$S$407,$AA36)&"|*"))) | AE36: =IF($U36="",0,COUNTIF(บันทึกรายเที่ยว!$T$6:$T$10005,$U36)) -> 0 | AF36: =IF($U36="",0,ROUND(SUMIF(บันทึกรายเที่ยว!$T$6:$T$10005,$U36,บันทึกรายเที่ยว!$J$6:$J$10005),2)) -> 0 | AG36: =IF($U36="",0,ROUND(SUMIF(บันทึกรายเที่ยว!$T$6:$T$10005,$U36,บันทึกรายเที่ยว!$K$6:$K$10005),2)) -> 0 | AH36: =IF($U36="",0,ROUND(SUMIF(บันทึกรายเที่ยว!$T$6:$T$10005,$U36,บันทึกรายเที่ยว!$M$6:$M$10005),2)) -> 0
A37: =IF($AB37="G","ผลรวมทั้งหมด",IF($AB37="R",INDEX($S$8:$S$407,$AA37),"")) | B37: =IF($AB37="S",INDEX($Y$8:$Y$407,$AA37),"") | C37: =IF($AB37="D",INDEX($Z$8:$Z$407,$AA37),"") | D37: =IF($AB37="G",SUM($AE$8:$AE$407),IF(OR($AB37="",$AB37="R"),"",IF($AB37="D",INDEX($AE$8:$AE$407,$AA37),SUMIF($T$8:$T$407,INDEX($T$8:$T$407,$AA37),$AE$8:$AE$407)))) | E37: =IF(30=$AD$1+3,"ขอแสดงความนับถือ",IF(30=$AD$1+6,"( )",IF(30=$AD$1+7,"เจ้าหน้าที่ขนส่ง",IF($AB37="G",SUM($AF$8:$AF$407),IF(OR($AB37="",$AB37="R"),"",IF($AB37="D",INDEX($AF$8:$AF$407,$AA37),SUMIF($T$8:$T$407,INDEX($T$8:$T$407,$AA37),$AF$8:$AF$407))))))) | F37: =IF($AB37="G",SUM($AG$8:$AG$407),IF(OR($AB37="",$AB37="R"),"",IF($AB37="D",INDEX($AG$8:$AG$407,$AA37),SUMIF($T$8:$T$407,INDEX($T$8:$T$407,$AA37),$AG$8:$AG$407)))) | G37: =IF(OR($AB37="",$AB37="R"),"",ROUND($E37-$F37,2)) | H37: =IF($AB37="G",SUM($AH$8:$AH$407),IF(OR($AB37="",$AB37="R"),"",IF($AB37="D",INDEX($AH$8:$AH$407,$AA37),SUMIF($T$8:$T$407,INDEX($T$8:$T$407,$AA37),$AH$8:$AH$407)))) | J37: =IFERROR(MATCH(30,บันทึกรายเที่ยว!$W$6:$W$10005,0),"") | K37: =IF($J37="","",INDEX(บันทึกรายเที่ยว!$T$6:$T$10005,$J37)) | L37: =IF($J37="","",INDEX(บันทึกรายเที่ยว!$S$6:$S$10005,$J37)) | M37: =IF($J37="","",INDEX(บันทึกรายเที่ยว!$R$6:$R$10005,$J37)) | N37: =IF($J37="","",MATCH($M37,บันทึกรายเที่ยว!$R$6:$R$10005,0)) | O37: =IF($J37="","",MATCH($L37,บันทึกรายเที่ยว!$S$6:$S$10005,0)) | P37: =IF($J37="","",IF(AND(OR($I$3="(ทั้งหมด)",INDEX(บันทึกรายเที่ยว!$C$6:$C$10005,$J37)=$I$3),OR($I$5="(ทั้งหมด)",INDEX(บันทึกรายเที่ยว!$D$6:$D$10005,$J37)=$I$5),OR($I$7="(ทั้งหมด)",INDEX(บันทึกรายเที่ยว!$F$6:$F$10005,$J37)=$I$7)),$N37*10000000+$O37*1000+30,"")) | Q37: =IFERROR(MATCH(SMALL($P$8:$P$407,30),$P$8:$P$407,0),"") | R37: =IF($Q37="","",INDEX($J$8:$J$407,$Q37)) | S37: =IF($Q37="","",INDEX($M$8:$M$407,$Q37)) | T37: =IF($Q37="","",INDEX($L$8:$L$407,$Q37)) | U37: =IF($Q37="","",INDEX($K$8:$K$407,$Q37)) | V37: =IF($Q37="",0,IF($S37<>$S36,1,0)) -> 0 | W37: =IF($Q37="",0,IF($T37<>$T36,1,0)) -> 0 | X37: =IF($Q37="",99999+30,$X36+1+$V36+$W36) -> 100029 | Y37: =IF($Q37="","",INDEX(บันทึกรายเที่ยว!$Q$6:$Q$10005,$R37)) | Z37: =IF($Q37="","",INDEX(บันทึกรายเที่ยว!$F$6:$F$10005,$R37)) | AA37: =IFERROR(MATCH(30,$X$8:$X$407,1),"") | AB37: =IF(30=$AD$1+1,"G",IF($AA37="","",IF(INDEX($Q$8:$Q$407,$AA37)="","",IF(30>INDEX($X$8:$X$407,$AA37)+INDEX($V$8:$V$407,$AA37)+INDEX($W$8:$W$407,$AA37),"",IF(30=INDEX($X$8:$X$407,$AA37)+INDEX($V$8:$V$407,$AA37)+INDEX($W$8:$W$407,$AA37),"D",IF(AND(INDEX($W$8:$W$407,$AA37)=1,30=INDEX($X$8:$X$407,$AA37)+INDEX($V$8:$V$407,$AA37)),"S","R")))))) | AC37: =IF(OR($AB37="",$AB37="G"),"",IF($AB37="D",INDEX($U$8:$U$407,$AA37),IF($AB37="S",INDEX($T$8:$T$407,$AA37)&"|*",INDEX($S$8:$S$407,$AA37)&"|*"))) | AE37: =IF($U37="",0,COUNTIF(บันทึกรายเที่ยว!$T$6:$T$10005,$U37)) -> 0 | AF37: =IF($U37="",0,ROUND(SUMIF(บันทึกรายเที่ยว!$T$6:$T$10005,$U37,บันทึกรายเที่ยว!$J$6:$J$10005),2)) -> 0 | AG37: =IF($U37="",0,ROUND(SUMIF(บันทึกรายเที่ยว!$T$6:$T$10005,$U37,บันทึกรายเที่ยว!$K$6:$K$10005),2)) -> 0 | AH37: =IF($U37="",0,ROUND(SUMIF(บันทึกรายเที่ยว!$T$6:$T$10005,$U37,บันทึกรายเที่ยว!$M$6:$M$10005),2)) -> 0
A38: =IF($AB38="G","ผลรวมทั้งหมด",IF($AB38="R",INDEX($S$8:$S$407,$AA38),"")) | B38: =IF($AB38="S",INDEX($Y$8:$Y$407,$AA38),"") | C38: =IF($AB38="D",INDEX($Z$8:$Z$407,$AA38),"") | D38: =IF($AB38="G",SUM($AE$8:$AE$407),IF(OR($AB38="",$AB38="R"),"",IF($AB38="D",INDEX($AE$8:$AE$407,$AA38),SUMIF($T$8:$T$407,INDEX($T$8:$T$407,$AA38),$AE$8:$AE$407)))) | E38: =IF(31=$AD$1+3,"ขอแสดงความนับถือ",IF(31=$AD$1+6,"( )",IF(31=$AD$1+7,"เจ้าหน้าที่ขนส่ง",IF($AB38="G",SUM($AF$8:$AF$407),IF(OR($AB38="",$AB38="R"),"",IF($AB38="D",INDEX($AF$8:$AF$407,$AA38),SUMIF($T$8:$T$407,INDEX($T$8:$T$407,$AA38),$AF$8:$AF$407))))))) | F38: =IF($AB38="G",SUM($AG$8:$AG$407),IF(OR($AB38="",$AB38="R"),"",IF($AB38="D",INDEX($AG$8:$AG$407,$AA38),SUMIF($T$8:$T$407,INDEX($T$8:$T$407,$AA38),$AG$8:$AG$407)))) | G38: =IF(OR($AB38="",$AB38="R"),"",ROUND($E38-$F38,2)) | H38: =IF($AB38="G",SUM($AH$8:$AH$407),IF(OR($AB38="",$AB38="R"),"",IF($AB38="D",INDEX($AH$8:$AH$407,$AA38),SUMIF($T$8:$T$407,INDEX($T$8:$T$407,$AA38),$AH$8:$AH$407)))) | J38: =IFERROR(MATCH(31,บันทึกรายเที่ยว!$W$6:$W$10005,0),"") | K38: =IF($J38="","",INDEX(บันทึกรายเที่ยว!$T$6:$T$10005,$J38)) | L38: =IF($J38="","",INDEX(บันทึกรายเที่ยว!$S$6:$S$10005,$J38)) | M38: =IF($J38="","",INDEX(บันทึกรายเที่ยว!$R$6:$R$10005,$J38)) | N38: =IF($J38="","",MATCH($M38,บันทึกรายเที่ยว!$R$6:$R$10005,0)) | O38: =IF($J38="","",MATCH($L38,บันทึกรายเที่ยว!$S$6:$S$10005,0)) | P38: =IF($J38="","",IF(AND(OR($I$3="(ทั้งหมด)",INDEX(บันทึกรายเที่ยว!$C$6:$C$10005,$J38)=$I$3),OR($I$5="(ทั้งหมด)",INDEX(บันทึกรายเที่ยว!$D$6:$D$10005,$J38)=$I$5),OR($I$7="(ทั้งหมด)",INDEX(บันทึกรายเที่ยว!$F$6:$F$10005,$J38)=$I$7)),$N38*10000000+$O38*1000+31,"")) | Q38: =IFERROR(MATCH(SMALL($P$8:$P$407,31),$P$8:$P$407,0),"") | R38: =IF($Q38="","",INDEX($J$8:$J$407,$Q38)) | S38: =IF($Q38="","",INDEX($M$8:$M$407,$Q38)) | T38: =IF($Q38="","",INDEX($L$8:$L$407,$Q38)) | U38: =IF($Q38="","",INDEX($K$8:$K$407,$Q38)) | V38: =IF($Q38="",0,IF($S38<>$S37,1,0)) -> 0 | W38: =IF($Q38="",0,IF($T38<>$T37,1,0)) -> 0 | X38: =IF($Q38="",99999+31,$X37+1+$V37+$W37) -> 100030 | Y38: =IF($Q38="","",INDEX(บันทึกรายเที่ยว!$Q$6:$Q$10005,$R38)) | Z38: =IF($Q38="","",INDEX(บันทึกรายเที่ยว!$F$6:$F$10005,$R38)) | AA38: =IFERROR(MATCH(31,$X$8:$X$407,1),"") | AB38: =IF(31=$AD$1+1,"G",IF($AA38="","",IF(INDEX($Q$8:$Q$407,$AA38)="","",IF(31>INDEX($X$8:$X$407,$AA38)+INDEX($V$8:$V$407,$AA38)+INDEX($W$8:$W$407,$AA38),"",IF(31=INDEX($X$8:$X$407,$AA38)+INDEX($V$8:$V$407,$AA38)+INDEX($W$8:$W$407,$AA38),"D",IF(AND(INDEX($W$8:$W$407,$AA38)=1,31=INDEX($X$8:$X$407,$AA38)+INDEX($V$8:$V$407,$AA38)),"S","R")))))) | AC38: =IF(OR($AB38="",$AB38="G"),"",IF($AB38="D",INDEX($U$8:$U$407,$AA38),IF($AB38="S",INDEX($T$8:$T$407,$AA38)&"|*",INDEX($S$8:$S$407,$AA38)&"|*"))) | AE38: =IF($U38="",0,COUNTIF(บันทึกรายเที่ยว!$T$6:$T$10005,$U38)) -> 0 | AF38: =IF($U38="",0,ROUND(SUMIF(บันทึกรายเที่ยว!$T$6:$T$10005,$U38,บันทึกรายเที่ยว!$J$6:$J$10005),2)) -> 0 | AG38: =IF($U38="",0,ROUND(SUMIF(บันทึกรายเที่ยว!$T$6:$T$10005,$U38,บันทึกรายเที่ยว!$K$6:$K$10005),2)) -> 0 | AH38: =IF($U38="",0,ROUND(SUMIF(บันทึกรายเที่ยว!$T$6:$T$10005,$U38,บันทึกรายเที่ยว!$M$6:$M$10005),2)) -> 0
A39: =IF($AB39="G","ผลรวมทั้งหมด",IF($AB39="R",INDEX($S$8:$S$407,$AA39),"")) | B39: =IF($AB39="S",INDEX($Y$8:$Y$407,$AA39),"") | C39: =IF($AB39="D",INDEX($Z$8:$Z$407,$AA39),"") | D39: =IF($AB39="G",SUM($AE$8:$AE$407),IF(OR($AB39="",$AB39="R"),"",IF($AB39="D",INDEX($AE$8:$AE$407,$AA39),SUMIF($T$8:$T$407,INDEX($T$8:$T$407,$AA39),$AE$8:$AE$407)))) | E39: =IF(32=$AD$1+3,"ขอแสดงความนับถือ",IF(32=$AD$1+6,"( )",IF(32=$AD$1+7,"เจ้าหน้าที่ขนส่ง",IF($AB39="G",SUM($AF$8:$AF$407),IF(OR($AB39="",$AB39="R"),"",IF($AB39="D",INDEX($AF$8:$AF$407,$AA39),SUMIF($T$8:$T$407,INDEX($T$8:$T$407,$AA39),$AF$8:$AF$407))))))) | F39: =IF($AB39="G",SUM($AG$8:$AG$407),IF(OR($AB39="",$AB39="R"),"",IF($AB39="D",INDEX($AG$8:$AG$407,$AA39),SUMIF($T$8:$T$407,INDEX($T$8:$T$407,$AA39),$AG$8:$AG$407)))) | G39: =IF(OR($AB39="",$AB39="R"),"",ROUND($E39-$F39,2)) | H39: =IF($AB39="G",SUM($AH$8:$AH$407),IF(OR($AB39="",$AB39="R"),"",IF($AB39="D",INDEX($AH$8:$AH$407,$AA39),SUMIF($T$8:$T$407,INDEX($T$8:$T$407,$AA39),$AH$8:$AH$407)))) | J39: =IFERROR(MATCH(32,บันทึกรายเที่ยว!$W$6:$W$10005,0),"") | K39: =IF($J39="","",INDEX(บันทึกรายเที่ยว!$T$6:$T$10005,$J39)) | L39: =IF($J39="","",INDEX(บันทึกรายเที่ยว!$S$6:$S$10005,$J39)) | M39: =IF($J39="","",INDEX(บันทึกรายเที่ยว!$R$6:$R$10005,$J39)) | N39: =IF($J39="","",MATCH($M39,บันทึกรายเที่ยว!$R$6:$R$10005,0)) | O39: =IF($J39="","",MATCH($L39,บันทึกรายเที่ยว!$S$6:$S$10005,0)) | P39: =IF($J39="","",IF(AND(OR($I$3="(ทั้งหมด)",INDEX(บันทึกรายเที่ยว!$C$6:$C$10005,$J39)=$I$3),OR($I$5="(ทั้งหมด)",INDEX(บันทึกรายเที่ยว!$D$6:$D$10005,$J39)=$I$5),OR($I$7="(ทั้งหมด)",INDEX(บันทึกรายเที่ยว!$F$6:$F$10005,$J39)=$I$7)),$N39*10000000+$O39*1000+32,"")) | Q39: =IFERROR(MATCH(SMALL($P$8:$P$407,32),$P$8:$P$407,0),"") | R39: =IF($Q39="","",INDEX($J$8:$J$407,$Q39)) | S39: =IF($Q39="","",INDEX($M$8:$M$407,$Q39)) | T39: =IF($Q39="","",INDEX($L$8:$L$407,$Q39)) | U39: =IF($Q39="","",INDEX($K$8:$K$407,$Q39)) | V39: =IF($Q39="",0,IF($S39<>$S38,1,0)) -> 0 | W39: =IF($Q39="",0,IF($T39<>$T38,1,0)) -> 0 | X39: =IF($Q39="",99999+32,$X38+1+$V38+$W38) -> 100031 | Y39: =IF($Q39="","",INDEX(บันทึกรายเที่ยว!$Q$6:$Q$10005,$R39)) | Z39: =IF($Q39="","",INDEX(บันทึกรายเที่ยว!$F$6:$F$10005,$R39)) | AA39: =IFERROR(MATCH(32,$X$8:$X$407,1),"") | AB39: =IF(32=$AD$1+1,"G",IF($AA39="","",IF(INDEX($Q$8:$Q$407,$AA39)="","",IF(32>INDEX($X$8:$X$407,$AA39)+INDEX($V$8:$V$407,$AA39)+INDEX($W$8:$W$407,$AA39),"",IF(32=INDEX($X$8:$X$407,$AA39)+INDEX($V$8:$V$407,$AA39)+INDEX($W$8:$W$407,$AA39),"D",IF(AND(INDEX($W$8:$W$407,$AA39)=1,32=INDEX($X$8:$X$407,$AA39)+INDEX($V$8:$V$407,$AA39)),"S","R")))))) | AC39: =IF(OR($AB39="",$AB39="G"),"",IF($AB39="D",INDEX($U$8:$U$407,$AA39),IF($AB39="S",INDEX($T$8:$T$407,$AA39)&"|*",INDEX($S$8:$S$407,$AA39)&"|*"))) | AE39: =IF($U39="",0,COUNTIF(บันทึกรายเที่ยว!$T$6:$T$10005,$U39)) -> 0 | AF39: =IF($U39="",0,ROUND(SUMIF(บันทึกรายเที่ยว!$T$6:$T$10005,$U39,บันทึกรายเที่ยว!$J$6:$J$10005),2)) -> 0 | AG39: =IF($U39="",0,ROUND(SUMIF(บันทึกรายเที่ยว!$T$6:$T$10005,$U39,บันทึกรายเที่ยว!$K$6:$K$10005),2)) -> 0 | AH39: =IF($U39="",0,ROUND(SUMIF(บันทึกรายเที่ยว!$T$6:$T$10005,$U39,บันทึกรายเที่ยว!$M$6:$M$10005),2)) -> 0
A40: =IF($AB40="G","ผลรวมทั้งหมด",IF($AB40="R",INDEX($S$8:$S$407,$AA40),"")) | B40: =IF($AB40="S",INDEX($Y$8:$Y$407,$AA40),"") | C40: =IF($AB40="D",INDEX($Z$8:$Z$407,$AA40),"") | D40: =IF($AB40="G",SUM($AE$8:$AE$407),IF(OR($AB40="",$AB40="R"),"",IF($AB40="D",INDEX($AE$8:$AE$407,$AA40),SUMIF($T$8:$T$407,INDEX($T$8:$T$407,$AA40),$AE$8:$AE$407)))) | E40: =IF(33=$AD$1+3,"ขอแสดงความนับถือ",IF(33=$AD$1+6,"( )",IF(33=$AD$1+7,"เจ้าหน้าที่ขนส่ง",IF($AB40="G",SUM($AF$8:$AF$407),IF(OR($AB40="",$AB40="R"),"",IF($AB40="D",INDEX($AF$8:$AF$407,$AA40),SUMIF($T$8:$T$407,INDEX($T$8:$T$407,$AA40),$AF$8:$AF$407))))))) | F40: =IF($AB40="G",SUM($AG$8:$AG$407),IF(OR($AB40="",$AB40="R"),"",IF($AB40="D",INDEX($AG$8:$AG$407,$AA40),SUMIF($T$8:$T$407,INDEX($T$8:$T$407,$AA40),$AG$8:$AG$407)))) | G40: =IF(OR($AB40="",$AB40="R"),"",ROUND($E40-$F40,2)) | H40: =IF($AB40="G",SUM($AH$8:$AH$407),IF(OR($AB40="",$AB40="R"),"",IF($AB40="D",INDEX($AH$8:$AH$407,$AA40),SUMIF($T$8:$T$407,INDEX($T$8:$T$407,$AA40),$AH$8:$AH$407)))) | J40: =IFERROR(MATCH(33,บันทึกรายเที่ยว!$W$6:$W$10005,0),"") | K40: =IF($J40="","",INDEX(บันทึกรายเที่ยว!$T$6:$T$10005,$J40)) | L40: =IF($J40="","",INDEX(บันทึกรายเที่ยว!$S$6:$S$10005,$J40)) | M40: =IF($J40="","",INDEX(บันทึกรายเที่ยว!$R$6:$R$10005,$J40)) | N40: =IF($J40="","",MATCH($M40,บันทึกรายเที่ยว!$R$6:$R$10005,0)) | O40: =IF($J40="","",MATCH($L40,บันทึกรายเที่ยว!$S$6:$S$10005,0)) | P40: =IF($J40="","",IF(AND(OR($I$3="(ทั้งหมด)",INDEX(บันทึกรายเที่ยว!$C$6:$C$10005,$J40)=$I$3),OR($I$5="(ทั้งหมด)",INDEX(บันทึกรายเที่ยว!$D$6:$D$10005,$J40)=$I$5),OR($I$7="(ทั้งหมด)",INDEX(บันทึกรายเที่ยว!$F$6:$F$10005,$J40)=$I$7)),$N40*10000000+$O40*1000+33,"")) | Q40: =IFERROR(MATCH(SMALL($P$8:$P$407,33),$P$8:$P$407,0),"") | R40: =IF($Q40="","",INDEX($J$8:$J$407,$Q40)) | S40: =IF($Q40="","",INDEX($M$8:$M$407,$Q40)) | T40: =IF($Q40="","",INDEX($L$8:$L$407,$Q40)) | U40: =IF($Q40="","",INDEX($K$8:$K$407,$Q40)) | V40: =IF($Q40="",0,IF($S40<>$S39,1,0)) -> 0 | W40: =IF($Q40="",0,IF($T40<>$T39,1,0)) -> 0 | X40: =IF($Q40="",99999+33,$X39+1+$V39+$W39) -> 100032 | Y40: =IF($Q40="","",INDEX(บันทึกรายเที่ยว!$Q$6:$Q$10005,$R40)) | Z40: =IF($Q40="","",INDEX(บันทึกรายเที่ยว!$F$6:$F$10005,$R40)) | AA40: =IFERROR(MATCH(33,$X$8:$X$407,1),"") | AB40: =IF(33=$AD$1+1,"G",IF($AA40="","",IF(INDEX($Q$8:$Q$407,$AA40)="","",IF(33>INDEX($X$8:$X$407,$AA40)+INDEX($V$8:$V$407,$AA40)+INDEX($W$8:$W$407,$AA40),"",IF(33=INDEX($X$8:$X$407,$AA40)+INDEX($V$8:$V$407,$AA40)+INDEX($W$8:$W$407,$AA40),"D",IF(AND(INDEX($W$8:$W$407,$AA40)=1,33=INDEX($X$8:$X$407,$AA40)+INDEX($V$8:$V$407,$AA40)),"S","R")))))) | AC40: =IF(OR($AB40="",$AB40="G"),"",IF($AB40="D",INDEX($U$8:$U$407,$AA40),IF($AB40="S",INDEX($T$8:$T$407,$AA40)&"|*",INDEX($S$8:$S$407,$AA40)&"|*"))) | AE40: =IF($U40="",0,COUNTIF(บันทึกรายเที่ยว!$T$6:$T$10005,$U40)) -> 0 | AF40: =IF($U40="",0,ROUND(SUMIF(บันทึกรายเที่ยว!$T$6:$T$10005,$U40,บันทึกรายเที่ยว!$J$6:$J$10005),2)) -> 0 | AG40: =IF($U40="",0,ROUND(SUMIF(บันทึกรายเที่ยว!$T$6:$T$10005,$U40,บันทึกรายเที่ยว!$K$6:$K$10005),2)) -> 0 | AH40: =IF($U40="",0,ROUND(SUMIF(บันทึกรายเที่ยว!$T$6:$T$10005,$U40,บันทึกรายเที่ยว!$M$6:$M$10005),2)) -> 0
A41: =IF($AB41="G","ผลรวมทั้งหมด",IF($AB41="R",INDEX($S$8:$S$407,$AA41),"")) | B41: =IF($AB41="S",INDEX($Y$8:$Y$407,$AA41),"") | C41: =IF($AB41="D",INDEX($Z$8:$Z$407,$AA41),"") | D41: =IF($AB41="G",SUM($AE$8:$AE$407),IF(OR($AB41="",$AB41="R"),"",IF($AB41="D",INDEX($AE$8:$AE$407,$AA41),SUMIF($T$8:$T$407,INDEX($T$8:$T$407,$AA41),$AE$8:$AE$407)))) | E41: =IF(34=$AD$1+3,"ขอแสดงความนับถือ",IF(34=$AD$1+6,"( )",IF(34=$AD$1+7,"เจ้าหน้าที่ขนส่ง",IF($AB41="G",SUM($AF$8:$AF$407),IF(OR($AB41="",$AB41="R"),"",IF($AB41="D",INDEX($AF$8:$AF$407,$AA41),SUMIF($T$8:$T$407,INDEX($T$8:$T$407,$AA41),$AF$8:$AF$407))))))) | F41: =IF($AB41="G",SUM($AG$8:$AG$407),IF(OR($AB41="",$AB41="R"),"",IF($AB41="D",INDEX($AG$8:$AG$407,$AA41),SUMIF($T$8:$T$407,INDEX($T$8:$T$407,$AA41),$AG$8:$AG$407)))) | G41: =IF(OR($AB41="",$AB41="R"),"",ROUND($E41-$F41,2)) | H41: =IF($AB41="G",SUM($AH$8:$AH$407),IF(OR($AB41="",$AB41="R"),"",IF($AB41="D",INDEX($AH$8:$AH$407,$AA41),SUMIF($T$8:$T$407,INDEX($T$8:$T$407,$AA41),$AH$8:$AH$407)))) | J41: =IFERROR(MATCH(34,บันทึกรายเที่ยว!$W$6:$W$10005,0),"") | K41: =IF($J41="","",INDEX(บันทึกรายเที่ยว!$T$6:$T$10005,$J41)) | L41: =IF($J41="","",INDEX(บันทึกรายเที่ยว!$S$6:$S$10005,$J41)) | M41: =IF($J41="","",INDEX(บันทึกรายเที่ยว!$R$6:$R$10005,$J41)) | N41: =IF($J41="","",MATCH($M41,บันทึกรายเที่ยว!$R$6:$R$10005,0)) | O41: =IF($J41="","",MATCH($L41,บันทึกรายเที่ยว!$S$6:$S$10005,0)) | P41: =IF($J41="","",IF(AND(OR($I$3="(ทั้งหมด)",INDEX(บันทึกรายเที่ยว!$C$6:$C$10005,$J41)=$I$3),OR($I$5="(ทั้งหมด)",INDEX(บันทึกรายเที่ยว!$D$6:$D$10005,$J41)=$I$5),OR($I$7="(ทั้งหมด)",INDEX(บันทึกรายเที่ยว!$F$6:$F$10005,$J41)=$I$7)),$N41*10000000+$O41*1000+34,"")) | Q41: =IFERROR(MATCH(SMALL($P$8:$P$407,34),$P$8:$P$407,0),"") | R41: =IF($Q41="","",INDEX($J$8:$J$407,$Q41)) | S41: =IF($Q41="","",INDEX($M$8:$M$407,$Q41)) | T41: =IF($Q41="","",INDEX($L$8:$L$407,$Q41)) | U41: =IF($Q41="","",INDEX($K$8:$K$407,$Q41)) | V41: =IF($Q41="",0,IF($S41<>$S40,1,0)) -> 0 | W41: =IF($Q41="",0,IF($T41<>$T40,1,0)) -> 0 | X41: =IF($Q41="",99999+34,$X40+1+$V40+$W40) -> 100033 | Y41: =IF($Q41="","",INDEX(บันทึกรายเที่ยว!$Q$6:$Q$10005,$R41)) | Z41: =IF($Q41="","",INDEX(บันทึกรายเที่ยว!$F$6:$F$10005,$R41)) | AA41: =IFERROR(MATCH(34,$X$8:$X$407,1),"") | AB41: =IF(34=$AD$1+1,"G",IF($AA41="","",IF(INDEX($Q$8:$Q$407,$AA41)="","",IF(34>INDEX($X$8:$X$407,$AA41)+INDEX($V$8:$V$407,$AA41)+INDEX($W$8:$W$407,$AA41),"",IF(34=INDEX($X$8:$X$407,$AA41)+INDEX($V$8:$V$407,$AA41)+INDEX($W$8:$W$407,$AA41),"D",IF(AND(INDEX($W$8:$W$407,$AA41)=1,34=INDEX($X$8:$X$407,$AA41)+INDEX($V$8:$V$407,$AA41)),"S","R")))))) | AC41: =IF(OR($AB41="",$AB41="G"),"",IF($AB41="D",INDEX($U$8:$U$407,$AA41),IF($AB41="S",INDEX($T$8:$T$407,$AA41)&"|*",INDEX($S$8:$S$407,$AA41)&"|*"))) | AE41: =IF($U41="",0,COUNTIF(บันทึกรายเที่ยว!$T$6:$T$10005,$U41)) -> 0 | AF41: =IF($U41="",0,ROUND(SUMIF(บันทึกรายเที่ยว!$T$6:$T$10005,$U41,บันทึกรายเที่ยว!$J$6:$J$10005),2)) -> 0 | AG41: =IF($U41="",0,ROUND(SUMIF(บันทึกรายเที่ยว!$T$6:$T$10005,$U41,บันทึกรายเที่ยว!$K$6:$K$10005),2)) -> 0 | AH41: =IF($U41="",0,ROUND(SUMIF(บันทึกรายเที่ยว!$T$6:$T$10005,$U41,บันทึกรายเที่ยว!$M$6:$M$10005),2)) -> 0
A42: =IF($AB42="G","ผลรวมทั้งหมด",IF($AB42="R",INDEX($S$8:$S$407,$AA42),"")) | B42: =IF($AB42="S",INDEX($Y$8:$Y$407,$AA42),"") | C42: =IF($AB42="D",INDEX($Z$8:$Z$407,$AA42),"") | D42: =IF($AB42="G",SUM($AE$8:$AE$407),IF(OR($AB42="",$AB42="R"),"",IF($AB42="D",INDEX($AE$8:$AE$407,$AA42),SUMIF($T$8:$T$407,INDEX($T$8:$T$407,$AA42),$AE$8:$AE$407)))) | E42: =IF(35=$AD$1+3,"ขอแสดงความนับถือ",IF(35=$AD$1+6,"( )",IF(35=$AD$1+7,"เจ้าหน้าที่ขนส่ง",IF($AB42="G",SUM($AF$8:$AF$407),IF(OR($AB42="",$AB42="R"),"",IF($AB42="D",INDEX($AF$8:$AF$407,$AA42),SUMIF($T$8:$T$407,INDEX($T$8:$T$407,$AA42),$AF$8:$AF$407))))))) | F42: =IF($AB42="G",SUM($AG$8:$AG$407),IF(OR($AB42="",$AB42="R"),"",IF($AB42="D",INDEX($AG$8:$AG$407,$AA42),SUMIF($T$8:$T$407,INDEX($T$8:$T$407,$AA42),$AG$8:$AG$407)))) | G42: =IF(OR($AB42="",$AB42="R"),"",ROUND($E42-$F42,2)) | H42: =IF($AB42="G",SUM($AH$8:$AH$407),IF(OR($AB42="",$AB42="R"),"",IF($AB42="D",INDEX($AH$8:$AH$407,$AA42),SUMIF($T$8:$T$407,INDEX($T$8:$T$407,$AA42),$AH$8:$AH$407)))) | J42: =IFERROR(MATCH(35,บันทึกรายเที่ยว!$W$6:$W$10005,0),"") | K42: =IF($J42="","",INDEX(บันทึกรายเที่ยว!$T$6:$T$10005,$J42)) | L42: =IF($J42="","",INDEX(บันทึกรายเที่ยว!$S$6:$S$10005,$J42)) | M42: =IF($J42="","",INDEX(บันทึกรายเที่ยว!$R$6:$R$10005,$J42)) | N42: =IF($J42="","",MATCH($M42,บันทึกรายเที่ยว!$R$6:$R$10005,0)) | O42: =IF($J42="","",MATCH($L42,บันทึกรายเที่ยว!$S$6:$S$10005,0)) | P42: =IF($J42="","",IF(AND(OR($I$3="(ทั้งหมด)",INDEX(บันทึกรายเที่ยว!$C$6:$C$10005,$J42)=$I$3),OR($I$5="(ทั้งหมด)",INDEX(บันทึกรายเที่ยว!$D$6:$D$10005,$J42)=$I$5),OR($I$7="(ทั้งหมด)",INDEX(บันทึกรายเที่ยว!$F$6:$F$10005,$J42)=$I$7)),$N42*10000000+$O42*1000+35,"")) | Q42: =IFERROR(MATCH(SMALL($P$8:$P$407,35),$P$8:$P$407,0),"") | R42: =IF($Q42="","",INDEX($J$8:$J$407,$Q42)) | S42: =IF($Q42="","",INDEX($M$8:$M$407,$Q42)) | T42: =IF($Q42="","",INDEX($L$8:$L$407,$Q42)) | U42: =IF($Q42="","",INDEX($K$8:$K$407,$Q42)) | V42: =IF($Q42="",0,IF($S42<>$S41,1,0)) -> 0 | W42: =IF($Q42="",0,IF($T42<>$T41,1,0)) -> 0 | X42: =IF($Q42="",99999+35,$X41+1+$V41+$W41) -> 100034 | Y42: =IF($Q42="","",INDEX(บันทึกรายเที่ยว!$Q$6:$Q$10005,$R42)) | Z42: =IF($Q42="","",INDEX(บันทึกรายเที่ยว!$F$6:$F$10005,$R42)) | AA42: =IFERROR(MATCH(35,$X$8:$X$407,1),"") | AB42: =IF(35=$AD$1+1,"G",IF($AA42="","",IF(INDEX($Q$8:$Q$407,$AA42)="","",IF(35>INDEX($X$8:$X$407,$AA42)+INDEX($V$8:$V$407,$AA42)+INDEX($W$8:$W$407,$AA42),"",IF(35=INDEX($X$8:$X$407,$AA42)+INDEX($V$8:$V$407,$AA42)+INDEX($W$8:$W$407,$AA42),"D",IF(AND(INDEX($W$8:$W$407,$AA42)=1,35=INDEX($X$8:$X$407,$AA42)+INDEX($V$8:$V$407,$AA42)),"S","R")))))) | AC42: =IF(OR($AB42="",$AB42="G"),"",IF($AB42="D",INDEX($U$8:$U$407,$AA42),IF($AB42="S",INDEX($T$8:$T$407,$AA42)&"|*",INDEX($S$8:$S$407,$AA42)&"|*"))) | AE42: =IF($U42="",0,COUNTIF(บันทึกรายเที่ยว!$T$6:$T$10005,$U42)) -> 0 | AF42: =IF($U42="",0,ROUND(SUMIF(บันทึกรายเที่ยว!$T$6:$T$10005,$U42,บันทึกรายเที่ยว!$J$6:$J$10005),2)) -> 0 | AG42: =IF($U42="",0,ROUND(SUMIF(บันทึกรายเที่ยว!$T$6:$T$10005,$U42,บันทึกรายเที่ยว!$K$6:$K$10005),2)) -> 0 | AH42: =IF($U42="",0,ROUND(SUMIF(บันทึกรายเที่ยว!$T$6:$T$10005,$U42,บันทึกรายเที่ยว!$M$6:$M$10005),2)) -> 0
A43: =IF($AB43="G","ผลรวมทั้งหมด",IF($AB43="R",INDEX($S$8:$S$407,$AA43),"")) | B43: =IF($AB43="S",INDEX($Y$8:$Y$407,$AA43),"") | C43: =IF($AB43="D",INDEX($Z$8:$Z$407,$AA43),"") | D43: =IF($AB43="G",SUM($AE$8:$AE$407),IF(OR($AB43="",$AB43="R"),"",IF($AB43="D",INDEX($AE$8:$AE$407,$AA43),SUMIF($T$8:$T$407,INDEX($T$8:$T$407,$AA43),$AE$8:$AE$407)))) | E43: =IF(36=$AD$1+3,"ขอแสดงความนับถือ",IF(36=$AD$1+6,"( )",IF(36=$AD$1+7,"เจ้าหน้าที่ขนส่ง",IF($AB43="G",SUM($AF$8:$AF$407),IF(OR($AB43="",$AB43="R"),"",IF($AB43="D",INDEX($AF$8:$AF$407,$AA43),SUMIF($T$8:$T$407,INDEX($T$8:$T$407,$AA43),$AF$8:$AF$407))))))) | F43: =IF($AB43="G",SUM($AG$8:$AG$407),IF(OR($AB43="",$AB43="R"),"",IF($AB43="D",INDEX($AG$8:$AG$407,$AA43),SUMIF($T$8:$T$407,INDEX($T$8:$T$407,$AA43),$AG$8:$AG$407)))) | G43: =IF(OR($AB43="",$AB43="R"),"",ROUND($E43-$F43,2)) | H43: =IF($AB43="G",SUM($AH$8:$AH$407),IF(OR($AB43="",$AB43="R"),"",IF($AB43="D",INDEX($AH$8:$AH$407,$AA43),SUMIF($T$8:$T$407,INDEX($T$8:$T$407,$AA43),$AH$8:$AH$407)))) | J43: =IFERROR(MATCH(36,บันทึกรายเที่ยว!$W$6:$W$10005,0),"") | K43: =IF($J43="","",INDEX(บันทึกรายเที่ยว!$T$6:$T$10005,$J43)) | L43: =IF($J43="","",INDEX(บันทึกรายเที่ยว!$S$6:$S$10005,$J43)) | M43: =IF($J43="","",INDEX(บันทึกรายเที่ยว!$R$6:$R$10005,$J43)) | N43: =IF($J43="","",MATCH($M43,บันทึกรายเที่ยว!$R$6:$R$10005,0)) | O43: =IF($J43="","",MATCH($L43,บันทึกรายเที่ยว!$S$6:$S$10005,0)) | P43: =IF($J43="","",IF(AND(OR($I$3="(ทั้งหมด)",INDEX(บันทึกรายเที่ยว!$C$6:$C$10005,$J43)=$I$3),OR($I$5="(ทั้งหมด)",INDEX(บันทึกรายเที่ยว!$D$6:$D$10005,$J43)=$I$5),OR($I$7="(ทั้งหมด)",INDEX(บันทึกรายเที่ยว!$F$6:$F$10005,$J43)=$I$7)),$N43*10000000+$O43*1000+36,"")) | Q43: =IFERROR(MATCH(SMALL($P$8:$P$407,36),$P$8:$P$407,0),"") | R43: =IF($Q43="","",INDEX($J$8:$J$407,$Q43)) | S43: =IF($Q43="","",INDEX($M$8:$M$407,$Q43)) | T43: =IF($Q43="","",INDEX($L$8:$L$407,$Q43)) | U43: =IF($Q43="","",INDEX($K$8:$K$407,$Q43)) | V43: =IF($Q43="",0,IF($S43<>$S42,1,0)) -> 0 | W43: =IF($Q43="",0,IF($T43<>$T42,1,0)) -> 0 | X43: =IF($Q43="",99999+36,$X42+1+$V42+$W42) -> 100035 | Y43: =IF($Q43="","",INDEX(บันทึกรายเที่ยว!$Q$6:$Q$10005,$R43)) | Z43: =IF($Q43="","",INDEX(บันทึกรายเที่ยว!$F$6:$F$10005,$R43)) | AA43: =IFERROR(MATCH(36,$X$8:$X$407,1),"") | AB43: =IF(36=$AD$1+1,"G",IF($AA43="","",IF(INDEX($Q$8:$Q$407,$AA43)="","",IF(36>INDEX($X$8:$X$407,$AA43)+INDEX($V$8:$V$407,$AA43)+INDEX($W$8:$W$407,$AA43),"",IF(36=INDEX($X$8:$X$407,$AA43)+INDEX($V$8:$V$407,$AA43)+INDEX($W$8:$W$407,$AA43),"D",IF(AND(INDEX($W$8:$W$407,$AA43)=1,36=INDEX($X$8:$X$407,$AA43)+INDEX($V$8:$V$407,$AA43)),"S","R")))))) | AC43: =IF(OR($AB43="",$AB43="G"),"",IF($AB43="D",INDEX($U$8:$U$407,$AA43),IF($AB43="S",INDEX($T$8:$T$407,$AA43)&"|*",INDEX($S$8:$S$407,$AA43)&"|*"))) | AE43: =IF($U43="",0,COUNTIF(บันทึกรายเที่ยว!$T$6:$T$10005,$U43)) -> 0 | AF43: =IF($U43="",0,ROUND(SUMIF(บันทึกรายเที่ยว!$T$6:$T$10005,$U43,บันทึกรายเที่ยว!$J$6:$J$10005),2)) -> 0 | AG43: =IF($U43="",0,ROUND(SUMIF(บันทึกรายเที่ยว!$T$6:$T$10005,$U43,บันทึกรายเที่ยว!$K$6:$K$10005),2)) -> 0 | AH43: =IF($U43="",0,ROUND(SUMIF(บันทึกรายเที่ยว!$T$6:$T$10005,$U43,บันทึกรายเที่ยว!$M$6:$M$10005),2)) -> 0
A44: =IF($AB44="G","ผลรวมทั้งหมด",IF($AB44="R",INDEX($S$8:$S$407,$AA44),"")) | B44: =IF($AB44="S",INDEX($Y$8:$Y$407,$AA44),"") | C44: =IF($AB44="D",INDEX($Z$8:$Z$407,$AA44),"") | D44: =IF($AB44="G",SUM($AE$8:$AE$407),IF(OR($AB44="",$AB44="R"),"",IF($AB44="D",INDEX($AE$8:$AE$407,$AA44),SUMIF($T$8:$T$407,INDEX($T$8:$T$407,$AA44),$AE$8:$AE$407)))) | E44: =IF(37=$AD$1+3,"ขอแสดงความนับถือ",IF(37=$AD$1+6,"( )",IF(37=$AD$1+7,"เจ้าหน้าที่ขนส่ง",IF($AB44="G",SUM($AF$8:$AF$407),IF(OR($AB44="",$AB44="R"),"",IF($AB44="D",INDEX($AF$8:$AF$407,$AA44),SUMIF($T$8:$T$407,INDEX($T$8:$T$407,$AA44),$AF$8:$AF$407))))))) | F44: =IF($AB44="G",SUM($AG$8:$AG$407),IF(OR($AB44="",$AB44="R"),"",IF($AB44="D",INDEX($AG$8:$AG$407,$AA44),SUMIF($T$8:$T$407,INDEX($T$8:$T$407,$AA44),$AG$8:$AG$407)))) | G44: =IF(OR($AB44="",$AB44="R"),"",ROUND($E44-$F44,2)) | H44: =IF($AB44="G",SUM($AH$8:$AH$407),IF(OR($AB44="",$AB44="R"),"",IF($AB44="D",INDEX($AH$8:$AH$407,$AA44),SUMIF($T$8:$T$407,INDEX($T$8:$T$407,$AA44),$AH$8:$AH$407)))) | J44: =IFERROR(MATCH(37,บันทึกรายเที่ยว!$W$6:$W$10005,0),"") | K44: =IF($J44="","",INDEX(บันทึกรายเที่ยว!$T$6:$T$10005,$J44)) | L44: =IF($J44="","",INDEX(บันทึกรายเที่ยว!$S$6:$S$10005,$J44)) | M44: =IF($J44="","",INDEX(บันทึกรายเที่ยว!$R$6:$R$10005,$J44)) | N44: =IF($J44="","",MATCH($M44,บันทึกรายเที่ยว!$R$6:$R$10005,0)) | O44: =IF($J44="","",MATCH($L44,บันทึกรายเที่ยว!$S$6:$S$10005,0)) | P44: =IF($J44="","",IF(AND(OR($I$3="(ทั้งหมด)",INDEX(บันทึกรายเที่ยว!$C$6:$C$10005,$J44)=$I$3),OR($I$5="(ทั้งหมด)",INDEX(บันทึกรายเที่ยว!$D$6:$D$10005,$J44)=$I$5),OR($I$7="(ทั้งหมด)",INDEX(บันทึกรายเที่ยว!$F$6:$F$10005,$J44)=$I$7)),$N44*10000000+$O44*1000+37,"")) | Q44: =IFERROR(MATCH(SMALL($P$8:$P$407,37),$P$8:$P$407,0),"") | R44: =IF($Q44="","",INDEX($J$8:$J$407,$Q44)) | S44: =IF($Q44="","",INDEX($M$8:$M$407,$Q44)) | T44: =IF($Q44="","",INDEX($L$8:$L$407,$Q44)) | U44: =IF($Q44="","",INDEX($K$8:$K$407,$Q44)) | V44: =IF($Q44="",0,IF($S44<>$S43,1,0)) -> 0 | W44: =IF($Q44="",0,IF($T44<>$T43,1,0)) -> 0 | X44: =IF($Q44="",99999+37,$X43+1+$V43+$W43) -> 100036 | Y44: =IF($Q44="","",INDEX(บันทึกรายเที่ยว!$Q$6:$Q$10005,$R44)) | Z44: =IF($Q44="","",INDEX(บันทึกรายเที่ยว!$F$6:$F$10005,$R44)) | AA44: =IFERROR(MATCH(37,$X$8:$X$407,1),"") | AB44: =IF(37=$AD$1+1,"G",IF($AA44="","",IF(INDEX($Q$8:$Q$407,$AA44)="","",IF(37>INDEX($X$8:$X$407,$AA44)+INDEX($V$8:$V$407,$AA44)+INDEX($W$8:$W$407,$AA44),"",IF(37=INDEX($X$8:$X$407,$AA44)+INDEX($V$8:$V$407,$AA44)+INDEX($W$8:$W$407,$AA44),"D",IF(AND(INDEX($W$8:$W$407,$AA44)=1,37=INDEX($X$8:$X$407,$AA44)+INDEX($V$8:$V$407,$AA44)),"S","R")))))) | AC44: =IF(OR($AB44="",$AB44="G"),"",IF($AB44="D",INDEX($U$8:$U$407,$AA44),IF($AB44="S",INDEX($T$8:$T$407,$AA44)&"|*",INDEX($S$8:$S$407,$AA44)&"|*"))) | AE44: =IF($U44="",0,COUNTIF(บันทึกรายเที่ยว!$T$6:$T$10005,$U44)) -> 0 | AF44: =IF($U44="",0,ROUND(SUMIF(บันทึกรายเที่ยว!$T$6:$T$10005,$U44,บันทึกรายเที่ยว!$J$6:$J$10005),2)) -> 0 | AG44: =IF($U44="",0,ROUND(SUMIF(บันทึกรายเที่ยว!$T$6:$T$10005,$U44,บันทึกรายเที่ยว!$K$6:$K$10005),2)) -> 0 | AH44: =IF($U44="",0,ROUND(SUMIF(บันทึกรายเที่ยว!$T$6:$T$10005,$U44,บันทึกรายเที่ยว!$M$6:$M$10005),2)) -> 0
A45: =IF($AB45="G","ผลรวมทั้งหมด",IF($AB45="R",INDEX($S$8:$S$407,$AA45),"")) | B45: =IF($AB45="S",INDEX($Y$8:$Y$407,$AA45),"") | C45: =IF($AB45="D",INDEX($Z$8:$Z$407,$AA45),"") | D45: =IF($AB45="G",SUM($AE$8:$AE$407),IF(OR($AB45="",$AB45="R"),"",IF($AB45="D",INDEX($AE$8:$AE$407,$AA45),SUMIF($T$8:$T$407,INDEX($T$8:$T$407,$AA45),$AE$8:$AE$407)))) | E45: =IF(38=$AD$1+3,"ขอแสดงความนับถือ",IF(38=$AD$1+6,"( )",IF(38=$AD$1+7,"เจ้าหน้าที่ขนส่ง",IF($AB45="G",SUM($AF$8:$AF$407),IF(OR($AB45="",$AB45="R"),"",IF($AB45="D",INDEX($AF$8:$AF$407,$AA45),SUMIF($T$8:$T$407,INDEX($T$8:$T$407,$AA45),$AF$8:$AF$407))))))) | F45: =IF($AB45="G",SUM($AG$8:$AG$407),IF(OR($AB45="",$AB45="R"),"",IF($AB45="D",INDEX($AG$8:$AG$407,$AA45),SUMIF($T$8:$T$407,INDEX($T$8:$T$407,$AA45),$AG$8:$AG$407)))) | G45: =IF(OR($AB45="",$AB45="R"),"",ROUND($E45-$F45,2)) | H45: =IF($AB45="G",SUM($AH$8:$AH$407),IF(OR($AB45="",$AB45="R"),"",IF($AB45="D",INDEX($AH$8:$AH$407,$AA45),SUMIF($T$8:$T$407,INDEX($T$8:$T$407,$AA45),$AH$8:$AH$407)))) | J45: =IFERROR(MATCH(38,บันทึกรายเที่ยว!$W$6:$W$10005,0),"") | K45: =IF($J45="","",INDEX(บันทึกรายเที่ยว!$T$6:$T$10005,$J45)) | L45: =IF($J45="","",INDEX(บันทึกรายเที่ยว!$S$6:$S$10005,$J45)) | M45: =IF($J45="","",INDEX(บันทึกรายเที่ยว!$R$6:$R$10005,$J45)) | N45: =IF($J45="","",MATCH($M45,บันทึกรายเที่ยว!$R$6:$R$10005,0)) | O45: =IF($J45="","",MATCH($L45,บันทึกรายเที่ยว!$S$6:$S$10005,0)) | P45: =IF($J45="","",IF(AND(OR($I$3="(ทั้งหมด)",INDEX(บันทึกรายเที่ยว!$C$6:$C$10005,$J45)=$I$3),OR($I$5="(ทั้งหมด)",INDEX(บันทึกรายเที่ยว!$D$6:$D$10005,$J45)=$I$5),OR($I$7="(ทั้งหมด)",INDEX(บันทึกรายเที่ยว!$F$6:$F$10005,$J45)=$I$7)),$N45*10000000+$O45*1000+38,"")) | Q45: =IFERROR(MATCH(SMALL($P$8:$P$407,38),$P$8:$P$407,0),"") | R45: =IF($Q45="","",INDEX($J$8:$J$407,$Q45)) | S45: =IF($Q45="","",INDEX($M$8:$M$407,$Q45)) | T45: =IF($Q45="","",INDEX($L$8:$L$407,$Q45)) | U45: =IF($Q45="","",INDEX($K$8:$K$407,$Q45)) | V45: =IF($Q45="",0,IF($S45<>$S44,1,0)) -> 0 | W45: =IF($Q45="",0,IF($T45<>$T44,1,0)) -> 0 | X45: =IF($Q45="",99999+38,$X44+1+$V44+$W44) -> 100037 | Y45: =IF($Q45="","",INDEX(บันทึกรายเที่ยว!$Q$6:$Q$10005,$R45)) | Z45: =IF($Q45="","",INDEX(บันทึกรายเที่ยว!$F$6:$F$10005,$R45)) | AA45: =IFERROR(MATCH(38,$X$8:$X$407,1),"") | AB45: =IF(38=$AD$1+1,"G",IF($AA45="","",IF(INDEX($Q$8:$Q$407,$AA45)="","",IF(38>INDEX($X$8:$X$407,$AA45)+INDEX($V$8:$V$407,$AA45)+INDEX($W$8:$W$407,$AA45),"",IF(38=INDEX($X$8:$X$407,$AA45)+INDEX($V$8:$V$407,$AA45)+INDEX($W$8:$W$407,$AA45),"D",IF(AND(INDEX($W$8:$W$407,$AA45)=1,38=INDEX($X$8:$X$407,$AA45)+INDEX($V$8:$V$407,$AA45)),"S","R")))))) | AC45: =IF(OR($AB45="",$AB45="G"),"",IF($AB45="D",INDEX($U$8:$U$407,$AA45),IF($AB45="S",INDEX($T$8:$T$407,$AA45)&"|*",INDEX($S$8:$S$407,$AA45)&"|*"))) | AE45: =IF($U45="",0,COUNTIF(บันทึกรายเที่ยว!$T$6:$T$10005,$U45)) -> 0 | AF45: =IF($U45="",0,ROUND(SUMIF(บันทึกรายเที่ยว!$T$6:$T$10005,$U45,บันทึกรายเที่ยว!$J$6:$J$10005),2)) -> 0 | AG45: =IF($U45="",0,ROUND(SUMIF(บันทึกรายเที่ยว!$T$6:$T$10005,$U45,บันทึกรายเที่ยว!$K$6:$K$10005),2)) -> 0 | AH45: =IF($U45="",0,ROUND(SUMIF(บันทึกรายเที่ยว!$T$6:$T$10005,$U45,บันทึกรายเที่ยว!$M$6:$M$10005),2)) -> 0
A46: =IF($AB46="G","ผลรวมทั้งหมด",IF($AB46="R",INDEX($S$8:$S$407,$AA46),"")) | B46: =IF($AB46="S",INDEX($Y$8:$Y$407,$AA46),"") | C46: =IF($AB46="D",INDEX($Z$8:$Z$407,$AA46),"") | D46: =IF($AB46="G",SUM($AE$8:$AE$407),IF(OR($AB46="",$AB46="R"),"",IF($AB46="D",INDEX($AE$8:$AE$407,$AA46),SUMIF($T$8:$T$407,INDEX($T$8:$T$407,$AA46),$AE$8:$AE$407)))) | E46: =IF(39=$AD$1+3,"ขอแสดงความนับถือ",IF(39=$AD$1+6,"( )",IF(39=$AD$1+7,"เจ้าหน้าที่ขนส่ง",IF($AB46="G",SUM($AF$8:$AF$407),IF(OR($AB46="",$AB46="R"),"",IF($AB46="D",INDEX($AF$8:$AF$407,$AA46),SUMIF($T$8:$T$407,INDEX($T$8:$T$407,$AA46),$AF$8:$AF$407))))))) | F46: =IF($AB46="G",SUM($AG$8:$AG$407),IF(OR($AB46="",$AB46="R"),"",IF($AB46="D",INDEX($AG$8:$AG$407,$AA46),SUMIF($T$8:$T$407,INDEX($T$8:$T$407,$AA46),$AG$8:$AG$407)))) | G46: =IF(OR($AB46="",$AB46="R"),"",ROUND($E46-$F46,2)) | H46: =IF($AB46="G",SUM($AH$8:$AH$407),IF(OR($AB46="",$AB46="R"),"",IF($AB46="D",INDEX($AH$8:$AH$407,$AA46),SUMIF($T$8:$T$407,INDEX($T$8:$T$407,$AA46),$AH$8:$AH$407)))) | J46: =IFERROR(MATCH(39,บันทึกรายเที่ยว!$W$6:$W$10005,0),"") | K46: =IF($J46="","",INDEX(บันทึกรายเที่ยว!$T$6:$T$10005,$J46)) | L46: =IF($J46="","",INDEX(บันทึกรายเที่ยว!$S$6:$S$10005,$J46)) | M46: =IF($J46="","",INDEX(บันทึกรายเที่ยว!$R$6:$R$10005,$J46)) | N46: =IF($J46="","",MATCH($M46,บันทึกรายเที่ยว!$R$6:$R$10005,0)) | O46: =IF($J46="","",MATCH($L46,บันทึกรายเที่ยว!$S$6:$S$10005,0)) | P46: =IF($J46="","",IF(AND(OR($I$3="(ทั้งหมด)",INDEX(บันทึกรายเที่ยว!$C$6:$C$10005,$J46)=$I$3),OR($I$5="(ทั้งหมด)",INDEX(บันทึกรายเที่ยว!$D$6:$D$10005,$J46)=$I$5),OR($I$7="(ทั้งหมด)",INDEX(บันทึกรายเที่ยว!$F$6:$F$10005,$J46)=$I$7)),$N46*10000000+$O46*1000+39,"")) | Q46: =IFERROR(MATCH(SMALL($P$8:$P$407,39),$P$8:$P$407,0),"") | R46: =IF($Q46="","",INDEX($J$8:$J$407,$Q46)) | S46: =IF($Q46="","",INDEX($M$8:$M$407,$Q46)) | T46: =IF($Q46="","",INDEX($L$8:$L$407,$Q46)) | U46: =IF($Q46="","",INDEX($K$8:$K$407,$Q46)) | V46: =IF($Q46="",0,IF($S46<>$S45,1,0)) -> 0 | W46: =IF($Q46="",0,IF($T46<>$T45,1,0)) -> 0 | X46: =IF($Q46="",99999+39,$X45+1+$V45+$W45) -> 100038 | Y46: =IF($Q46="","",INDEX(บันทึกรายเที่ยว!$Q$6:$Q$10005,$R46)) | Z46: =IF($Q46="","",INDEX(บันทึกรายเที่ยว!$F$6:$F$10005,$R46)) | AA46: =IFERROR(MATCH(39,$X$8:$X$407,1),"") | AB46: =IF(39=$AD$1+1,"G",IF($AA46="","",IF(INDEX($Q$8:$Q$407,$AA46)="","",IF(39>INDEX($X$8:$X$407,$AA46)+INDEX($V$8:$V$407,$AA46)+INDEX($W$8:$W$407,$AA46),"",IF(39=INDEX($X$8:$X$407,$AA46)+INDEX($V$8:$V$407,$AA46)+INDEX($W$8:$W$407,$AA46),"D",IF(AND(INDEX($W$8:$W$407,$AA46)=1,39=INDEX($X$8:$X$407,$AA46)+INDEX($V$8:$V$407,$AA46)),"S","R")))))) | AC46: =IF(OR($AB46="",$AB46="G"),"",IF($AB46="D",INDEX($U$8:$U$407,$AA46),IF($AB46="S",INDEX($T$8:$T$407,$AA46)&"|*",INDEX($S$8:$S$407,$AA46)&"|*"))) | AE46: =IF($U46="",0,COUNTIF(บันทึกรายเที่ยว!$T$6:$T$10005,$U46)) -> 0 | AF46: =IF($U46="",0,ROUND(SUMIF(บันทึกรายเที่ยว!$T$6:$T$10005,$U46,บันทึกรายเที่ยว!$J$6:$J$10005),2)) -> 0 | AG46: =IF($U46="",0,ROUND(SUMIF(บันทึกรายเที่ยว!$T$6:$T$10005,$U46,บันทึกรายเที่ยว!$K$6:$K$10005),2)) -> 0 | AH46: =IF($U46="",0,ROUND(SUMIF(บันทึกรายเที่ยว!$T$6:$T$10005,$U46,บันทึกรายเที่ยว!$M$6:$M$10005),2)) -> 0
A47: =IF($AB47="G","ผลรวมทั้งหมด",IF($AB47="R",INDEX($S$8:$S$407,$AA47),"")) | B47: =IF($AB47="S",INDEX($Y$8:$Y$407,$AA47),"") | C47: =IF($AB47="D",INDEX($Z$8:$Z$407,$AA47),"") | D47: =IF($AB47="G",SUM($AE$8:$AE$407),IF(OR($AB47="",$AB47="R"),"",IF($AB47="D",INDEX($AE$8:$AE$407,$AA47),SUMIF($T$8:$T$407,INDEX($T$8:$T$407,$AA47),$AE$8:$AE$407)))) | E47: =IF(40=$AD$1+3,"ขอแสดงความนับถือ",IF(40=$AD$1+6,"( )",IF(40=$AD$1+7,"เจ้าหน้าที่ขนส่ง",IF($AB47="G",SUM($AF$8:$AF$407),IF(OR($AB47="",$AB47="R"),"",IF($AB47="D",INDEX($AF$8:$AF$407,$AA47),SUMIF($T$8:$T$407,INDEX($T$8:$T$407,$AA47),$AF$8:$AF$407))))))) | F47: =IF($AB47="G",SUM($AG$8:$AG$407),IF(OR($AB47="",$AB47="R"),"",IF($AB47="D",INDEX($AG$8:$AG$407,$AA47),SUMIF($T$8:$T$407,INDEX($T$8:$T$407,$AA47),$AG$8:$AG$407)))) | G47: =IF(OR($AB47="",$AB47="R"),"",ROUND($E47-$F47,2)) | H47: =IF($AB47="G",SUM($AH$8:$AH$407),IF(OR($AB47="",$AB47="R"),"",IF($AB47="D",INDEX($AH$8:$AH$407,$AA47),SUMIF($T$8:$T$407,INDEX($T$8:$T$407,$AA47),$AH$8:$AH$407)))) | J47: =IFERROR(MATCH(40,บันทึกรายเที่ยว!$W$6:$W$10005,0),"") | K47: =IF($J47="","",INDEX(บันทึกรายเที่ยว!$T$6:$T$10005,$J47)) | L47: =IF($J47="","",INDEX(บันทึกรายเที่ยว!$S$6:$S$10005,$J47)) | M47: =IF($J47="","",INDEX(บันทึกรายเที่ยว!$R$6:$R$10005,$J47)) | N47: =IF($J47="","",MATCH($M47,บันทึกรายเที่ยว!$R$6:$R$10005,0)) | O47: =IF($J47="","",MATCH($L47,บันทึกรายเที่ยว!$S$6:$S$10005,0)) | P47: =IF($J47="","",IF(AND(OR($I$3="(ทั้งหมด)",INDEX(บันทึกรายเที่ยว!$C$6:$C$10005,$J47)=$I$3),OR($I$5="(ทั้งหมด)",INDEX(บันทึกรายเที่ยว!$D$6:$D$10005,$J47)=$I$5),OR($I$7="(ทั้งหมด)",INDEX(บันทึกรายเที่ยว!$F$6:$F$10005,$J47)=$I$7)),$N47*10000000+$O47*1000+40,"")) | Q47: =IFERROR(MATCH(SMALL($P$8:$P$407,40),$P$8:$P$407,0),"") | R47: =IF($Q47="","",INDEX($J$8:$J$407,$Q47)) | S47: =IF($Q47="","",INDEX($M$8:$M$407,$Q47)) | T47: =IF($Q47="","",INDEX($L$8:$L$407,$Q47)) | U47: =IF($Q47="","",INDEX($K$8:$K$407,$Q47)) | V47: =IF($Q47="",0,IF($S47<>$S46,1,0)) -> 0 | W47: =IF($Q47="",0,IF($T47<>$T46,1,0)) -> 0 | X47: =IF($Q47="",99999+40,$X46+1+$V46+$W46) -> 100039 | Y47: =IF($Q47="","",INDEX(บันทึกรายเที่ยว!$Q$6:$Q$10005,$R47)) | Z47: =IF($Q47="","",INDEX(บันทึกรายเที่ยว!$F$6:$F$10005,$R47)) | AA47: =IFERROR(MATCH(40,$X$8:$X$407,1),"") | AB47: =IF(40=$AD$1+1,"G",IF($AA47="","",IF(INDEX($Q$8:$Q$407,$AA47)="","",IF(40>INDEX($X$8:$X$407,$AA47)+INDEX($V$8:$V$407,$AA47)+INDEX($W$8:$W$407,$AA47),"",IF(40=INDEX($X$8:$X$407,$AA47)+INDEX($V$8:$V$407,$AA47)+INDEX($W$8:$W$407,$AA47),"D",IF(AND(INDEX($W$8:$W$407,$AA47)=1,40=INDEX($X$8:$X$407,$AA47)+INDEX($V$8:$V$407,$AA47)),"S","R")))))) | AC47: =IF(OR($AB47="",$AB47="G"),"",IF($AB47="D",INDEX($U$8:$U$407,$AA47),IF($AB47="S",INDEX($T$8:$T$407,$AA47)&"|*",INDEX($S$8:$S$407,$AA47)&"|*"))) | AE47: =IF($U47="",0,COUNTIF(บันทึกรายเที่ยว!$T$6:$T$10005,$U47)) -> 0 | AF47: =IF($U47="",0,ROUND(SUMIF(บันทึกรายเที่ยว!$T$6:$T$10005,$U47,บันทึกรายเที่ยว!$J$6:$J$10005),2)) -> 0 | AG47: =IF($U47="",0,ROUND(SUMIF(บันทึกรายเที่ยว!$T$6:$T$10005,$U47,บันทึกรายเที่ยว!$K$6:$K$10005),2)) -> 0 | AH47: =IF($U47="",0,ROUND(SUMIF(บันทึกรายเที่ยว!$T$6:$T$10005,$U47,บันทึกรายเที่ยว!$M$6:$M$10005),2)) -> 0
A48: =IF($AB48="G","ผลรวมทั้งหมด",IF($AB48="R",INDEX($S$8:$S$407,$AA48),"")) | B48: =IF($AB48="S",INDEX($Y$8:$Y$407,$AA48),"") | C48: =IF($AB48="D",INDEX($Z$8:$Z$407,$AA48),"") | D48: =IF($AB48="G",SUM($AE$8:$AE$407),IF(OR($AB48="",$AB48="R"),"",IF($AB48="D",INDEX($AE$8:$AE$407,$AA48),SUMIF($T$8:$T$407,INDEX($T$8:$T$407,$AA48),$AE$8:$AE$407)))) | E48: =IF(41=$AD$1+3,"ขอแสดงความนับถือ",IF(41=$AD$1+6,"( )",IF(41=$AD$1+7,"เจ้าหน้าที่ขนส่ง",IF($AB48="G",SUM($AF$8:$AF$407),IF(OR($AB48="",$AB48="R"),"",IF($AB48="D",INDEX($AF$8:$AF$407,$AA48),SUMIF($T$8:$T$407,INDEX($T$8:$T$407,$AA48),$AF$8:$AF$407))))))) | F48: =IF($AB48="G",SUM($AG$8:$AG$407),IF(OR($AB48="",$AB48="R"),"",IF($AB48="D",INDEX($AG$8:$AG$407,$AA48),SUMIF($T$8:$T$407,INDEX($T$8:$T$407,$AA48),$AG$8:$AG$407)))) | G48: =IF(OR($AB48="",$AB48="R"),"",ROUND($E48-$F48,2)) | H48: =IF($AB48="G",SUM($AH$8:$AH$407),IF(OR($AB48="",$AB48="R"),"",IF($AB48="D",INDEX($AH$8:$AH$407,$AA48),SUMIF($T$8:$T$407,INDEX($T$8:$T$407,$AA48),$AH$8:$AH$407)))) | J48: =IFERROR(MATCH(41,บันทึกรายเที่ยว!$W$6:$W$10005,0),"") | K48: =IF($J48="","",INDEX(บันทึกรายเที่ยว!$T$6:$T$10005,$J48)) | L48: =IF($J48="","",INDEX(บันทึกรายเที่ยว!$S$6:$S$10005,$J48)) | M48: =IF($J48="","",INDEX(บันทึกรายเที่ยว!$R$6:$R$10005,$J48)) | N48: =IF($J48="","",MATCH($M48,บันทึกรายเที่ยว!$R$6:$R$10005,0)) | O48: =IF($J48="","",MATCH($L48,บันทึกรายเที่ยว!$S$6:$S$10005,0)) | P48: =IF($J48="","",IF(AND(OR($I$3="(ทั้งหมด)",INDEX(บันทึกรายเที่ยว!$C$6:$C$10005,$J48)=$I$3),OR($I$5="(ทั้งหมด)",INDEX(บันทึกรายเที่ยว!$D$6:$D$10005,$J48)=$I$5),OR($I$7="(ทั้งหมด)",INDEX(บันทึกรายเที่ยว!$F$6:$F$10005,$J48)=$I$7)),$N48*10000000+$O48*1000+41,"")) | Q48: =IFERROR(MATCH(SMALL($P$8:$P$407,41),$P$8:$P$407,0),"") | R48: =IF($Q48="","",INDEX($J$8:$J$407,$Q48)) | S48: =IF($Q48="","",INDEX($M$8:$M$407,$Q48)) | T48: =IF($Q48="","",INDEX($L$8:$L$407,$Q48)) | U48: =IF($Q48="","",INDEX($K$8:$K$407,$Q48)) | V48: =IF($Q48="",0,IF($S48<>$S47,1,0)) -> 0 | W48: =IF($Q48="",0,IF($T48<>$T47,1,0)) -> 0 | X48: =IF($Q48="",99999+41,$X47+1+$V47+$W47) -> 100040 | Y48: =IF($Q48="","",INDEX(บันทึกรายเที่ยว!$Q$6:$Q$10005,$R48)) | Z48: =IF($Q48="","",INDEX(บันทึกรายเที่ยว!$F$6:$F$10005,$R48)) | AA48: =IFERROR(MATCH(41,$X$8:$X$407,1),"") | AB48: =IF(41=$AD$1+1,"G",IF($AA48="","",IF(INDEX($Q$8:$Q$407,$AA48)="","",IF(41>INDEX($X$8:$X$407,$AA48)+INDEX($V$8:$V$407,$AA48)+INDEX($W$8:$W$407,$AA48),"",IF(41=INDEX($X$8:$X$407,$AA48)+INDEX($V$8:$V$407,$AA48)+INDEX($W$8:$W$407,$AA48),"D",IF(AND(INDEX($W$8:$W$407,$AA48)=1,41=INDEX($X$8:$X$407,$AA48)+INDEX($V$8:$V$407,$AA48)),"S","R")))))) | AC48: =IF(OR($AB48="",$AB48="G"),"",IF($AB48="D",INDEX($U$8:$U$407,$AA48),IF($AB48="S",INDEX($T$8:$T$407,$AA48)&"|*",INDEX($S$8:$S$407,$AA48)&"|*"))) | AE48: =IF($U48="",0,COUNTIF(บันทึกรายเที่ยว!$T$6:$T$10005,$U48)) -> 0 | AF48: =IF($U48="",0,ROUND(SUMIF(บันทึกรายเที่ยว!$T$6:$T$10005,$U48,บันทึกรายเที่ยว!$J$6:$J$10005),2)) -> 0 | AG48: =IF($U48="",0,ROUND(SUMIF(บันทึกรายเที่ยว!$T$6:$T$10005,$U48,บันทึกรายเที่ยว!$K$6:$K$10005),2)) -> 0 | AH48: =IF($U48="",0,ROUND(SUMIF(บันทึกรายเที่ยว!$T$6:$T$10005,$U48,บันทึกรายเที่ยว!$M$6:$M$10005),2)) -> 0
A49: =IF($AB49="G","ผลรวมทั้งหมด",IF($AB49="R",INDEX($S$8:$S$407,$AA49),"")) | B49: =IF($AB49="S",INDEX($Y$8:$Y$407,$AA49),"") | C49: =IF($AB49="D",INDEX($Z$8:$Z$407,$AA49),"") | D49: =IF($AB49="G",SUM($AE$8:$AE$407),IF(OR($AB49="",$AB49="R"),"",IF($AB49="D",INDEX($AE$8:$AE$407,$AA49),SUMIF($T$8:$T$407,INDEX($T$8:$T$407,$AA49),$AE$8:$AE$407)))) | E49: =IF(42=$AD$1+3,"ขอแสดงความนับถือ",IF(42=$AD$1+6,"( )",IF(42=$AD$1+7,"เจ้าหน้าที่ขนส่ง",IF($AB49="G",SUM($AF$8:$AF$407),IF(OR($AB49="",$AB49="R"),"",IF($AB49="D",INDEX($AF$8:$AF$407,$AA49),SUMIF($T$8:$T$407,INDEX($T$8:$T$407,$AA49),$AF$8:$AF$407))))))) | F49: =IF($AB49="G",SUM($AG$8:$AG$407),IF(OR($AB49="",$AB49="R"),"",IF($AB49="D",INDEX($AG$8:$AG$407,$AA49),SUMIF($T$8:$T$407,INDEX($T$8:$T$407,$AA49),$AG$8:$AG$407)))) | G49: =IF(OR($AB49="",$AB49="R"),"",ROUND($E49-$F49,2)) | H49: =IF($AB49="G",SUM($AH$8:$AH$407),IF(OR($AB49="",$AB49="R"),"",IF($AB49="D",INDEX($AH$8:$AH$407,$AA49),SUMIF($T$8:$T$407,INDEX($T$8:$T$407,$AA49),$AH$8:$AH$407)))) | J49: =IFERROR(MATCH(42,บันทึกรายเที่ยว!$W$6:$W$10005,0),"") | K49: =IF($J49="","",INDEX(บันทึกรายเที่ยว!$T$6:$T$10005,$J49)) | L49: =IF($J49="","",INDEX(บันทึกรายเที่ยว!$S$6:$S$10005,$J49)) | M49: =IF($J49="","",INDEX(บันทึกรายเที่ยว!$R$6:$R$10005,$J49)) | N49: =IF($J49="","",MATCH($M49,บันทึกรายเที่ยว!$R$6:$R$10005,0)) | O49: =IF($J49="","",MATCH($L49,บันทึกรายเที่ยว!$S$6:$S$10005,0)) | P49: =IF($J49="","",IF(AND(OR($I$3="(ทั้งหมด)",INDEX(บันทึกรายเที่ยว!$C$6:$C$10005,$J49)=$I$3),OR($I$5="(ทั้งหมด)",INDEX(บันทึกรายเที่ยว!$D$6:$D$10005,$J49)=$I$5),OR($I$7="(ทั้งหมด)",INDEX(บันทึกรายเที่ยว!$F$6:$F$10005,$J49)=$I$7)),$N49*10000000+$O49*1000+42,"")) | Q49: =IFERROR(MATCH(SMALL($P$8:$P$407,42),$P$8:$P$407,0),"") | R49: =IF($Q49="","",INDEX($J$8:$J$407,$Q49)) | S49: =IF($Q49="","",INDEX($M$8:$M$407,$Q49)) | T49: =IF($Q49="","",INDEX($L$8:$L$407,$Q49)) | U49: =IF($Q49="","",INDEX($K$8:$K$407,$Q49)) | V49: =IF($Q49="",0,IF($S49<>$S48,1,0)) -> 0 | W49: =IF($Q49="",0,IF($T49<>$T48,1,0)) -> 0 | X49: =IF($Q49="",99999+42,$X48+1+$V48+$W48) -> 100041 | Y49: =IF($Q49="","",INDEX(บันทึกรายเที่ยว!$Q$6:$Q$10005,$R49)) | Z49: =IF($Q49="","",INDEX(บันทึกรายเที่ยว!$F$6:$F$10005,$R49)) | AA49: =IFERROR(MATCH(42,$X$8:$X$407,1),"") | AB49: =IF(42=$AD$1+1,"G",IF($AA49="","",IF(INDEX($Q$8:$Q$407,$AA49)="","",IF(42>INDEX($X$8:$X$407,$AA49)+INDEX($V$8:$V$407,$AA49)+INDEX($W$8:$W$407,$AA49),"",IF(42=INDEX($X$8:$X$407,$AA49)+INDEX($V$8:$V$407,$AA49)+INDEX($W$8:$W$407,$AA49),"D",IF(AND(INDEX($W$8:$W$407,$AA49)=1,42=INDEX($X$8:$X$407,$AA49)+INDEX($V$8:$V$407,$AA49)),"S","R")))))) | AC49: =IF(OR($AB49="",$AB49="G"),"",IF($AB49="D",INDEX($U$8:$U$407,$AA49),IF($AB49="S",INDEX($T$8:$T$407,$AA49)&"|*",INDEX($S$8:$S$407,$AA49)&"|*"))) | AE49: =IF($U49="",0,COUNTIF(บันทึกรายเที่ยว!$T$6:$T$10005,$U49)) -> 0 | AF49: =IF($U49="",0,ROUND(SUMIF(บันทึกรายเที่ยว!$T$6:$T$10005,$U49,บันทึกรายเที่ยว!$J$6:$J$10005),2)) -> 0 | AG49: =IF($U49="",0,ROUND(SUMIF(บันทึกรายเที่ยว!$T$6:$T$10005,$U49,บันทึกรายเที่ยว!$K$6:$K$10005),2)) -> 0 | AH49: =IF($U49="",0,ROUND(SUMIF(บันทึกรายเที่ยว!$T$6:$T$10005,$U49,บันทึกรายเที่ยว!$M$6:$M$10005),2)) -> 0
A50: =IF($AB50="G","ผลรวมทั้งหมด",IF($AB50="R",INDEX($S$8:$S$407,$AA50),"")) | B50: =IF($AB50="S",INDEX($Y$8:$Y$407,$AA50),"") | C50: =IF($AB50="D",INDEX($Z$8:$Z$407,$AA50),"") | D50: =IF($AB50="G",SUM($AE$8:$AE$407),IF(OR($AB50="",$AB50="R"),"",IF($AB50="D",INDEX($AE$8:$AE$407,$AA50),SUMIF($T$8:$T$407,INDEX($T$8:$T$407,$AA50),$AE$8:$AE$407)))) | E50: =IF(43=$AD$1+3,"ขอแสดงความนับถือ",IF(43=$AD$1+6,"( )",IF(43=$AD$1+7,"เจ้าหน้าที่ขนส่ง",IF($AB50="G",SUM($AF$8:$AF$407),IF(OR($AB50="",$AB50="R"),"",IF($AB50="D",INDEX($AF$8:$AF$407,$AA50),SUMIF($T$8:$T$407,INDEX($T$8:$T$407,$AA50),$AF$8:$AF$407))))))) | F50: =IF($AB50="G",SUM($AG$8:$AG$407),IF(OR($AB50="",$AB50="R"),"",IF($AB50="D",INDEX($AG$8:$AG$407,$AA50),SUMIF($T$8:$T$407,INDEX($T$8:$T$407,$AA50),$AG$8:$AG$407)))) | G50: =IF(OR($AB50="",$AB50="R"),"",ROUND($E50-$F50,2)) | H50: =IF($AB50="G",SUM($AH$8:$AH$407),IF(OR($AB50="",$AB50="R"),"",IF($AB50="D",INDEX($AH$8:$AH$407,$AA50),SUMIF($T$8:$T$407,INDEX($T$8:$T$407,$AA50),$AH$8:$AH$407)))) | J50: =IFERROR(MATCH(43,บันทึกรายเที่ยว!$W$6:$W$10005,0),"") | K50: =IF($J50="","",INDEX(บันทึกรายเที่ยว!$T$6:$T$10005,$J50)) | L50: =IF($J50="","",INDEX(บันทึกรายเที่ยว!$S$6:$S$10005,$J50)) | M50: =IF($J50="","",INDEX(บันทึกรายเที่ยว!$R$6:$R$10005,$J50)) | N50: =IF($J50="","",MATCH($M50,บันทึกรายเที่ยว!$R$6:$R$10005,0)) | O50: =IF($J50="","",MATCH($L50,บันทึกรายเที่ยว!$S$6:$S$10005,0)) | P50: =IF($J50="","",IF(AND(OR($I$3="(ทั้งหมด)",INDEX(บันทึกรายเที่ยว!$C$6:$C$10005,$J50)=$I$3),OR($I$5="(ทั้งหมด)",INDEX(บันทึกรายเที่ยว!$D$6:$D$10005,$J50)=$I$5),OR($I$7="(ทั้งหมด)",INDEX(บันทึกรายเที่ยว!$F$6:$F$10005,$J50)=$I$7)),$N50*10000000+$O50*1000+43,"")) | Q50: =IFERROR(MATCH(SMALL($P$8:$P$407,43),$P$8:$P$407,0),"") | R50: =IF($Q50="","",INDEX($J$8:$J$407,$Q50)) | S50: =IF($Q50="","",INDEX($M$8:$M$407,$Q50)) | T50: =IF($Q50="","",INDEX($L$8:$L$407,$Q50)) | U50: =IF($Q50="","",INDEX($K$8:$K$407,$Q50)) | V50: =IF($Q50="",0,IF($S50<>$S49,1,0)) -> 0 | W50: =IF($Q50="",0,IF($T50<>$T49,1,0)) -> 0 | X50: =IF($Q50="",99999+43,$X49+1+$V49+$W49) -> 100042 | Y50: =IF($Q50="","",INDEX(บันทึกรายเที่ยว!$Q$6:$Q$10005,$R50)) | Z50: =IF($Q50="","",INDEX(บันทึกรายเที่ยว!$F$6:$F$10005,$R50)) | AA50: =IFERROR(MATCH(43,$X$8:$X$407,1),"") | AB50: =IF(43=$AD$1+1,"G",IF($AA50="","",IF(INDEX($Q$8:$Q$407,$AA50)="","",IF(43>INDEX($X$8:$X$407,$AA50)+INDEX($V$8:$V$407,$AA50)+INDEX($W$8:$W$407,$AA50),"",IF(43=INDEX($X$8:$X$407,$AA50)+INDEX($V$8:$V$407,$AA50)+INDEX($W$8:$W$407,$AA50),"D",IF(AND(INDEX($W$8:$W$407,$AA50)=1,43=INDEX($X$8:$X$407,$AA50)+INDEX($V$8:$V$407,$AA50)),"S","R")))))) | AC50: =IF(OR($AB50="",$AB50="G"),"",IF($AB50="D",INDEX($U$8:$U$407,$AA50),IF($AB50="S",INDEX($T$8:$T$407,$AA50)&"|*",INDEX($S$8:$S$407,$AA50)&"|*"))) | AE50: =IF($U50="",0,COUNTIF(บันทึกรายเที่ยว!$T$6:$T$10005,$U50)) -> 0 | AF50: =IF($U50="",0,ROUND(SUMIF(บันทึกรายเที่ยว!$T$6:$T$10005,$U50,บันทึกรายเที่ยว!$J$6:$J$10005),2)) -> 0 | AG50: =IF($U50="",0,ROUND(SUMIF(บันทึกรายเที่ยว!$T$6:$T$10005,$U50,บันทึกรายเที่ยว!$K$6:$K$10005),2)) -> 0 | AH50: =IF($U50="",0,ROUND(SUMIF(บันทึกรายเที่ยว!$T$6:$T$10005,$U50,บันทึกรายเที่ยว!$M$6:$M$10005),2)) -> 0
A51: =IF($AB51="G","ผลรวมทั้งหมด",IF($AB51="R",INDEX($S$8:$S$407,$AA51),"")) | B51: =IF($AB51="S",INDEX($Y$8:$Y$407,$AA51),"") | C51: =IF($AB51="D",INDEX($Z$8:$Z$407,$AA51),"") | D51: =IF($AB51="G",SUM($AE$8:$AE$407),IF(OR($AB51="",$AB51="R"),"",IF($AB51="D",INDEX($AE$8:$AE$407,$AA51),SUMIF($T$8:$T$407,INDEX($T$8:$T$407,$AA51),$AE$8:$AE$407)))) | E51: =IF(44=$AD$1+3,"ขอแสดงความนับถือ",IF(44=$AD$1+6,"( )",IF(44=$AD$1+7,"เจ้าหน้าที่ขนส่ง",IF($AB51="G",SUM($AF$8:$AF$407),IF(OR($AB51="",$AB51="R"),"",IF($AB51="D",INDEX($AF$8:$AF$407,$AA51),SUMIF($T$8:$T$407,INDEX($T$8:$T$407,$AA51),$AF$8:$AF$407))))))) | F51: =IF($AB51="G",SUM($AG$8:$AG$407),IF(OR($AB51="",$AB51="R"),"",IF($AB51="D",INDEX($AG$8:$AG$407,$AA51),SUMIF($T$8:$T$407,INDEX($T$8:$T$407,$AA51),$AG$8:$AG$407)))) | G51: =IF(OR($AB51="",$AB51="R"),"",ROUND($E51-$F51,2)) | H51: =IF($AB51="G",SUM($AH$8:$AH$407),IF(OR($AB51="",$AB51="R"),"",IF($AB51="D",INDEX($AH$8:$AH$407,$AA51),SUMIF($T$8:$T$407,INDEX($T$8:$T$407,$AA51),$AH$8:$AH$407)))) | J51: =IFERROR(MATCH(44,บันทึกรายเที่ยว!$W$6:$W$10005,0),"") | K51: =IF($J51="","",INDEX(บันทึกรายเที่ยว!$T$6:$T$10005,$J51)) | L51: =IF($J51="","",INDEX(บันทึกรายเที่ยว!$S$6:$S$10005,$J51)) | M51: =IF($J51="","",INDEX(บันทึกรายเที่ยว!$R$6:$R$10005,$J51)) | N51: =IF($J51="","",MATCH($M51,บันทึกรายเที่ยว!$R$6:$R$10005,0)) | O51: =IF($J51="","",MATCH($L51,บันทึกรายเที่ยว!$S$6:$S$10005,0)) | P51: =IF($J51="","",IF(AND(OR($I$3="(ทั้งหมด)",INDEX(บันทึกรายเที่ยว!$C$6:$C$10005,$J51)=$I$3),OR($I$5="(ทั้งหมด)",INDEX(บันทึกรายเที่ยว!$D$6:$D$10005,$J51)=$I$5),OR($I$7="(ทั้งหมด)",INDEX(บันทึกรายเที่ยว!$F$6:$F$10005,$J51)=$I$7)),$N51*10000000+$O51*1000+44,"")) | Q51: =IFERROR(MATCH(SMALL($P$8:$P$407,44),$P$8:$P$407,0),"") | R51: =IF($Q51="","",INDEX($J$8:$J$407,$Q51)) | S51: =IF($Q51="","",INDEX($M$8:$M$407,$Q51)) | T51: =IF($Q51="","",INDEX($L$8:$L$407,$Q51)) | U51: =IF($Q51="","",INDEX($K$8:$K$407,$Q51)) | V51: =IF($Q51="",0,IF($S51<>$S50,1,0)) -> 0 | W51: =IF($Q51="",0,IF($T51<>$T50,1,0)) -> 0 | X51: =IF($Q51="",99999+44,$X50+1+$V50+$W50) -> 100043 | Y51: =IF($Q51="","",INDEX(บันทึกรายเที่ยว!$Q$6:$Q$10005,$R51)) | Z51: =IF($Q51="","",INDEX(บันทึกรายเที่ยว!$F$6:$F$10005,$R51)) | AA51: =IFERROR(MATCH(44,$X$8:$X$407,1),"") | AB51: =IF(44=$AD$1+1,"G",IF($AA51="","",IF(INDEX($Q$8:$Q$407,$AA51)="","",IF(44>INDEX($X$8:$X$407,$AA51)+INDEX($V$8:$V$407,$AA51)+INDEX($W$8:$W$407,$AA51),"",IF(44=INDEX($X$8:$X$407,$AA51)+INDEX($V$8:$V$407,$AA51)+INDEX($W$8:$W$407,$AA51),"D",IF(AND(INDEX($W$8:$W$407,$AA51)=1,44=INDEX($X$8:$X$407,$AA51)+INDEX($V$8:$V$407,$AA51)),"S","R")))))) | AC51: =IF(OR($AB51="",$AB51="G"),"",IF($AB51="D",INDEX($U$8:$U$407,$AA51),IF($AB51="S",INDEX($T$8:$T$407,$AA51)&"|*",INDEX($S$8:$S$407,$AA51)&"|*"))) | AE51: =IF($U51="",0,COUNTIF(บันทึกรายเที่ยว!$T$6:$T$10005,$U51)) -> 0 | AF51: =IF($U51="",0,ROUND(SUMIF(บันทึกรายเที่ยว!$T$6:$T$10005,$U51,บันทึกรายเที่ยว!$J$6:$J$10005),2)) -> 0 | AG51: =IF($U51="",0,ROUND(SUMIF(บันทึกรายเที่ยว!$T$6:$T$10005,$U51,บันทึกรายเที่ยว!$K$6:$K$10005),2)) -> 0 | AH51: =IF($U51="",0,ROUND(SUMIF(บันทึกรายเที่ยว!$T$6:$T$10005,$U51,บันทึกรายเที่ยว!$M$6:$M$10005),2)) -> 0
A52: =IF($AB52="G","ผลรวมทั้งหมด",IF($AB52="R",INDEX($S$8:$S$407,$AA52),"")) | B52: =IF($AB52="S",INDEX($Y$8:$Y$407,$AA52),"") | C52: =IF($AB52="D",INDEX($Z$8:$Z$407,$AA52),"") | D52: =IF($AB52="G",SUM($AE$8:$AE$407),IF(OR($AB52="",$AB52="R"),"",IF($AB52="D",INDEX($AE$8:$AE$407,$AA52),SUMIF($T$8:$T$407,INDEX($T$8:$T$407,$AA52),$AE$8:$AE$407)))) | E52: =IF(45=$AD$1+3,"ขอแสดงความนับถือ",IF(45=$AD$1+6,"( )",IF(45=$AD$1+7,"เจ้าหน้าที่ขนส่ง",IF($AB52="G",SUM($AF$8:$AF$407),IF(OR($AB52="",$AB52="R"),"",IF($AB52="D",INDEX($AF$8:$AF$407,$AA52),SUMIF($T$8:$T$407,INDEX($T$8:$T$407,$AA52),$AF$8:$AF$407))))))) | F52: =IF($AB52="G",SUM($AG$8:$AG$407),IF(OR($AB52="",$AB52="R"),"",IF($AB52="D",INDEX($AG$8:$AG$407,$AA52),SUMIF($T$8:$T$407,INDEX($T$8:$T$407,$AA52),$AG$8:$AG$407)))) | G52: =IF(OR($AB52="",$AB52="R"),"",ROUND($E52-$F52,2)) | H52: =IF($AB52="G",SUM($AH$8:$AH$407),IF(OR($AB52="",$AB52="R"),"",IF($AB52="D",INDEX($AH$8:$AH$407,$AA52),SUMIF($T$8:$T$407,INDEX($T$8:$T$407,$AA52),$AH$8:$AH$407)))) | J52: =IFERROR(MATCH(45,บันทึกรายเที่ยว!$W$6:$W$10005,0),"") | K52: =IF($J52="","",INDEX(บันทึกรายเที่ยว!$T$6:$T$10005,$J52)) | L52: =IF($J52="","",INDEX(บันทึกรายเที่ยว!$S$6:$S$10005,$J52)) | M52: =IF($J52="","",INDEX(บันทึกรายเที่ยว!$R$6:$R$10005,$J52)) | N52: =IF($J52="","",MATCH($M52,บันทึกรายเที่ยว!$R$6:$R$10005,0)) | O52: =IF($J52="","",MATCH($L52,บันทึกรายเที่ยว!$S$6:$S$10005,0)) | P52: =IF($J52="","",IF(AND(OR($I$3="(ทั้งหมด)",INDEX(บันทึกรายเที่ยว!$C$6:$C$10005,$J52)=$I$3),OR($I$5="(ทั้งหมด)",INDEX(บันทึกรายเที่ยว!$D$6:$D$10005,$J52)=$I$5),OR($I$7="(ทั้งหมด)",INDEX(บันทึกรายเที่ยว!$F$6:$F$10005,$J52)=$I$7)),$N52*10000000+$O52*1000+45,"")) | Q52: =IFERROR(MATCH(SMALL($P$8:$P$407,45),$P$8:$P$407,0),"") | R52: =IF($Q52="","",INDEX($J$8:$J$407,$Q52)) | S52: =IF($Q52="","",INDEX($M$8:$M$407,$Q52)) | T52: =IF($Q52="","",INDEX($L$8:$L$407,$Q52)) | U52: =IF($Q52="","",INDEX($K$8:$K$407,$Q52)) | V52: =IF($Q52="",0,IF($S52<>$S51,1,0)) -> 0 | W52: =IF($Q52="",0,IF($T52<>$T51,1,0)) -> 0 | X52: =IF($Q52="",99999+45,$X51+1+$V51+$W51) -> 100044 | Y52: =IF($Q52="","",INDEX(บันทึกรายเที่ยว!$Q$6:$Q$10005,$R52)) | Z52: =IF($Q52="","",INDEX(บันทึกรายเที่ยว!$F$6:$F$10005,$R52)) | AA52: =IFERROR(MATCH(45,$X$8:$X$407,1),"") | AB52: =IF(45=$AD$1+1,"G",IF($AA52="","",IF(INDEX($Q$8:$Q$407,$AA52)="","",IF(45>INDEX($X$8:$X$407,$AA52)+INDEX($V$8:$V$407,$AA52)+INDEX($W$8:$W$407,$AA52),"",IF(45=INDEX($X$8:$X$407,$AA52)+INDEX($V$8:$V$407,$AA52)+INDEX($W$8:$W$407,$AA52),"D",IF(AND(INDEX($W$8:$W$407,$AA52)=1,45=INDEX($X$8:$X$407,$AA52)+INDEX($V$8:$V$407,$AA52)),"S","R")))))) | AC52: =IF(OR($AB52="",$AB52="G"),"",IF($AB52="D",INDEX($U$8:$U$407,$AA52),IF($AB52="S",INDEX($T$8:$T$407,$AA52)&"|*",INDEX($S$8:$S$407,$AA52)&"|*"))) | AE52: =IF($U52="",0,COUNTIF(บันทึกรายเที่ยว!$T$6:$T$10005,$U52)) -> 0 | AF52: =IF($U52="",0,ROUND(SUMIF(บันทึกรายเที่ยว!$T$6:$T$10005,$U52,บันทึกรายเที่ยว!$J$6:$J$10005),2)) -> 0 | AG52: =IF($U52="",0,ROUND(SUMIF(บันทึกรายเที่ยว!$T$6:$T$10005,$U52,บันทึกรายเที่ยว!$K$6:$K$10005),2)) -> 0 | AH52: =IF($U52="",0,ROUND(SUMIF(บันทึกรายเที่ยว!$T$6:$T$10005,$U52,บันทึกรายเที่ยว!$M$6:$M$10005),2)) -> 0
A53: =IF($AB53="G","ผลรวมทั้งหมด",IF($AB53="R",INDEX($S$8:$S$407,$AA53),"")) | B53: =IF($AB53="S",INDEX($Y$8:$Y$407,$AA53),"") | C53: =IF($AB53="D",INDEX($Z$8:$Z$407,$AA53),"") | D53: =IF($AB53="G",SUM($AE$8:$AE$407),IF(OR($AB53="",$AB53="R"),"",IF($AB53="D",INDEX($AE$8:$AE$407,$AA53),SUMIF($T$8:$T$407,INDEX($T$8:$T$407,$AA53),$AE$8:$AE$407)))) | E53: =IF(46=$AD$1+3,"ขอแสดงความนับถือ",IF(46=$AD$1+6,"( )",IF(46=$AD$1+7,"เจ้าหน้าที่ขนส่ง",IF($AB53="G",SUM($AF$8:$AF$407),IF(OR($AB53="",$AB53="R"),"",IF($AB53="D",INDEX($AF$8:$AF$407,$AA53),SUMIF($T$8:$T$407,INDEX($T$8:$T$407,$AA53),$AF$8:$AF$407))))))) | F53: =IF($AB53="G",SUM($AG$8:$AG$407),IF(OR($AB53="",$AB53="R"),"",IF($AB53="D",INDEX($AG$8:$AG$407,$AA53),SUMIF($T$8:$T$407,INDEX($T$8:$T$407,$AA53),$AG$8:$AG$407)))) | G53: =IF(OR($AB53="",$AB53="R"),"",ROUND($E53-$F53,2)) | H53: =IF($AB53="G",SUM($AH$8:$AH$407),IF(OR($AB53="",$AB53="R"),"",IF($AB53="D",INDEX($AH$8:$AH$407,$AA53),SUMIF($T$8:$T$407,INDEX($T$8:$T$407,$AA53),$AH$8:$AH$407)))) | J53: =IFERROR(MATCH(46,บันทึกรายเที่ยว!$W$6:$W$10005,0),"") | K53: =IF($J53="","",INDEX(บันทึกรายเที่ยว!$T$6:$T$10005,$J53)) | L53: =IF($J53="","",INDEX(บันทึกรายเที่ยว!$S$6:$S$10005,$J53)) | M53: =IF($J53="","",INDEX(บันทึกรายเที่ยว!$R$6:$R$10005,$J53)) | N53: =IF($J53="","",MATCH($M53,บันทึกรายเที่ยว!$R$6:$R$10005,0)) | O53: =IF($J53="","",MATCH($L53,บันทึกรายเที่ยว!$S$6:$S$10005,0)) | P53: =IF($J53="","",IF(AND(OR($I$3="(ทั้งหมด)",INDEX(บันทึกรายเที่ยว!$C$6:$C$10005,$J53)=$I$3),OR($I$5="(ทั้งหมด)",INDEX(บันทึกรายเที่ยว!$D$6:$D$10005,$J53)=$I$5),OR($I$7="(ทั้งหมด)",INDEX(บันทึกรายเที่ยว!$F$6:$F$10005,$J53)=$I$7)),$N53*10000000+$O53*1000+46,"")) | Q53: =IFERROR(MATCH(SMALL($P$8:$P$407,46),$P$8:$P$407,0),"") | R53: =IF($Q53="","",INDEX($J$8:$J$407,$Q53)) | S53: =IF($Q53="","",INDEX($M$8:$M$407,$Q53)) | T53: =IF($Q53="","",INDEX($L$8:$L$407,$Q53)) | U53: =IF($Q53="","",INDEX($K$8:$K$407,$Q53)) | V53: =IF($Q53="",0,IF($S53<>$S52,1,0)) -> 0 | W53: =IF($Q53="",0,IF($T53<>$T52,1,0)) -> 0 | X53: =IF($Q53="",99999+46,$X52+1+$V52+$W52) -> 100045 | Y53: =IF($Q53="","",INDEX(บันทึกรายเที่ยว!$Q$6:$Q$10005,$R53)) | Z53: =IF($Q53="","",INDEX(บันทึกรายเที่ยว!$F$6:$F$10005,$R53)) | AA53: =IFERROR(MATCH(46,$X$8:$X$407,1),"") | AB53: =IF(46=$AD$1+1,"G",IF($AA53="","",IF(INDEX($Q$8:$Q$407,$AA53)="","",IF(46>INDEX($X$8:$X$407,$AA53)+INDEX($V$8:$V$407,$AA53)+INDEX($W$8:$W$407,$AA53),"",IF(46=INDEX($X$8:$X$407,$AA53)+INDEX($V$8:$V$407,$AA53)+INDEX($W$8:$W$407,$AA53),"D",IF(AND(INDEX($W$8:$W$407,$AA53)=1,46=INDEX($X$8:$X$407,$AA53)+INDEX($V$8:$V$407,$AA53)),"S","R")))))) | AC53: =IF(OR($AB53="",$AB53="G"),"",IF($AB53="D",INDEX($U$8:$U$407,$AA53),IF($AB53="S",INDEX($T$8:$T$407,$AA53)&"|*",INDEX($S$8:$S$407,$AA53)&"|*"))) | AE53: =IF($U53="",0,COUNTIF(บันทึกรายเที่ยว!$T$6:$T$10005,$U53)) -> 0 | AF53: =IF($U53="",0,ROUND(SUMIF(บันทึกรายเที่ยว!$T$6:$T$10005,$U53,บันทึกรายเที่ยว!$J$6:$J$10005),2)) -> 0 | AG53: =IF($U53="",0,ROUND(SUMIF(บันทึกรายเที่ยว!$T$6:$T$10005,$U53,บันทึกรายเที่ยว!$K$6:$K$10005),2)) -> 0 | AH53: =IF($U53="",0,ROUND(SUMIF(บันทึกรายเที่ยว!$T$6:$T$10005,$U53,บันทึกรายเที่ยว!$M$6:$M$10005),2)) -> 0
A54: =IF($AB54="G","ผลรวมทั้งหมด",IF($AB54="R",INDEX($S$8:$S$407,$AA54),"")) | B54: =IF($AB54="S",INDEX($Y$8:$Y$407,$AA54),"") | C54: =IF($AB54="D",INDEX($Z$8:$Z$407,$AA54),"") | D54: =IF($AB54="G",SUM($AE$8:$AE$407),IF(OR($AB54="",$AB54="R"),"",IF($AB54="D",INDEX($AE$8:$AE$407,$AA54),SUMIF($T$8:$T$407,INDEX($T$8:$T$407,$AA54),$AE$8:$AE$407)))) | E54: =IF(47=$AD$1+3,"ขอแสดงความนับถือ",IF(47=$AD$1+6,"( )",IF(47=$AD$1+7,"เจ้าหน้าที่ขนส่ง",IF($AB54="G",SUM($AF$8:$AF$407),IF(OR($AB54="",$AB54="R"),"",IF($AB54="D",INDEX($AF$8:$AF$407,$AA54),SUMIF($T$8:$T$407,INDEX($T$8:$T$407,$AA54),$AF$8:$AF$407))))))) | F54: =IF($AB54="G",SUM($AG$8:$AG$407),IF(OR($AB54="",$AB54="R"),"",IF($AB54="D",INDEX($AG$8:$AG$407,$AA54),SUMIF($T$8:$T$407,INDEX($T$8:$T$407,$AA54),$AG$8:$AG$407)))) | G54: =IF(OR($AB54="",$AB54="R"),"",ROUND($E54-$F54,2)) | H54: =IF($AB54="G",SUM($AH$8:$AH$407),IF(OR($AB54="",$AB54="R"),"",IF($AB54="D",INDEX($AH$8:$AH$407,$AA54),SUMIF($T$8:$T$407,INDEX($T$8:$T$407,$AA54),$AH$8:$AH$407)))) | J54: =IFERROR(MATCH(47,บันทึกรายเที่ยว!$W$6:$W$10005,0),"") | K54: =IF($J54="","",INDEX(บันทึกรายเที่ยว!$T$6:$T$10005,$J54)) | L54: =IF($J54="","",INDEX(บันทึกรายเที่ยว!$S$6:$S$10005,$J54)) | M54: =IF($J54="","",INDEX(บันทึกรายเที่ยว!$R$6:$R$10005,$J54)) | N54: =IF($J54="","",MATCH($M54,บันทึกรายเที่ยว!$R$6:$R$10005,0)) | O54: =IF($J54="","",MATCH($L54,บันทึกรายเที่ยว!$S$6:$S$10005,0)) | P54: =IF($J54="","",IF(AND(OR($I$3="(ทั้งหมด)",INDEX(บันทึกรายเที่ยว!$C$6:$C$10005,$J54)=$I$3),OR($I$5="(ทั้งหมด)",INDEX(บันทึกรายเที่ยว!$D$6:$D$10005,$J54)=$I$5),OR($I$7="(ทั้งหมด)",INDEX(บันทึกรายเที่ยว!$F$6:$F$10005,$J54)=$I$7)),$N54*10000000+$O54*1000+47,"")) | Q54: =IFERROR(MATCH(SMALL($P$8:$P$407,47),$P$8:$P$407,0),"") | R54: =IF($Q54="","",INDEX($J$8:$J$407,$Q54)) | S54: =IF($Q54="","",INDEX($M$8:$M$407,$Q54)) | T54: =IF($Q54="","",INDEX($L$8:$L$407,$Q54)) | U54: =IF($Q54="","",INDEX($K$8:$K$407,$Q54)) | V54: =IF($Q54="",0,IF($S54<>$S53,1,0)) -> 0 | W54: =IF($Q54="",0,IF($T54<>$T53,1,0)) -> 0 | X54: =IF($Q54="",99999+47,$X53+1+$V53+$W53) -> 100046 | Y54: =IF($Q54="","",INDEX(บันทึกรายเที่ยว!$Q$6:$Q$10005,$R54)) | Z54: =IF($Q54="","",INDEX(บันทึกรายเที่ยว!$F$6:$F$10005,$R54)) | AA54: =IFERROR(MATCH(47,$X$8:$X$407,1),"") | AB54: =IF(47=$AD$1+1,"G",IF($AA54="","",IF(INDEX($Q$8:$Q$407,$AA54)="","",IF(47>INDEX($X$8:$X$407,$AA54)+INDEX($V$8:$V$407,$AA54)+INDEX($W$8:$W$407,$AA54),"",IF(47=INDEX($X$8:$X$407,$AA54)+INDEX($V$8:$V$407,$AA54)+INDEX($W$8:$W$407,$AA54),"D",IF(AND(INDEX($W$8:$W$407,$AA54)=1,47=INDEX($X$8:$X$407,$AA54)+INDEX($V$8:$V$407,$AA54)),"S","R")))))) | AC54: =IF(OR($AB54="",$AB54="G"),"",IF($AB54="D",INDEX($U$8:$U$407,$AA54),IF($AB54="S",INDEX($T$8:$T$407,$AA54)&"|*",INDEX($S$8:$S$407,$AA54)&"|*"))) | AE54: =IF($U54="",0,COUNTIF(บันทึกรายเที่ยว!$T$6:$T$10005,$U54)) -> 0 | AF54: =IF($U54="",0,ROUND(SUMIF(บันทึกรายเที่ยว!$T$6:$T$10005,$U54,บันทึกรายเที่ยว!$J$6:$J$10005),2)) -> 0 | AG54: =IF($U54="",0,ROUND(SUMIF(บันทึกรายเที่ยว!$T$6:$T$10005,$U54,บันทึกรายเที่ยว!$K$6:$K$10005),2)) -> 0 | AH54: =IF($U54="",0,ROUND(SUMIF(บันทึกรายเที่ยว!$T$6:$T$10005,$U54,บันทึกรายเที่ยว!$M$6:$M$10005),2)) -> 0
A55: =IF($AB55="G","ผลรวมทั้งหมด",IF($AB55="R",INDEX($S$8:$S$407,$AA55),"")) | B55: =IF($AB55="S",INDEX($Y$8:$Y$407,$AA55),"") | C55: =IF($AB55="D",INDEX($Z$8:$Z$407,$AA55),"") | D55: =IF($AB55="G",SUM($AE$8:$AE$407),IF(OR($AB55="",$AB55="R"),"",IF($AB55="D",INDEX($AE$8:$AE$407,$AA55),SUMIF($T$8:$T$407,INDEX($T$8:$T$407,$AA55),$AE$8:$AE$407)))) | E55: =IF(48=$AD$1+3,"ขอแสดงความนับถือ",IF(48=$AD$1+6,"( )",IF(48=$AD$1+7,"เจ้าหน้าที่ขนส่ง",IF($AB55="G",SUM($AF$8:$AF$407),IF(OR($AB55="",$AB55="R"),"",IF($AB55="D",INDEX($AF$8:$AF$407,$AA55),SUMIF($T$8:$T$407,INDEX($T$8:$T$407,$AA55),$AF$8:$AF$407))))))) | F55: =IF($AB55="G",SUM($AG$8:$AG$407),IF(OR($AB55="",$AB55="R"),"",IF($AB55="D",INDEX($AG$8:$AG$407,$AA55),SUMIF($T$8:$T$407,INDEX($T$8:$T$407,$AA55),$AG$8:$AG$407)))) | G55: =IF(OR($AB55="",$AB55="R"),"",ROUND($E55-$F55,2)) | H55: =IF($AB55="G",SUM($AH$8:$AH$407),IF(OR($AB55="",$AB55="R"),"",IF($AB55="D",INDEX($AH$8:$AH$407,$AA55),SUMIF($T$8:$T$407,INDEX($T$8:$T$407,$AA55),$AH$8:$AH$407)))) | J55: =IFERROR(MATCH(48,บันทึกรายเที่ยว!$W$6:$W$10005,0),"") | K55: =IF($J55="","",INDEX(บันทึกรายเที่ยว!$T$6:$T$10005,$J55)) | L55: =IF($J55="","",INDEX(บันทึกรายเที่ยว!$S$6:$S$10005,$J55)) | M55: =IF($J55="","",INDEX(บันทึกรายเที่ยว!$R$6:$R$10005,$J55)) | N55: =IF($J55="","",MATCH($M55,บันทึกรายเที่ยว!$R$6:$R$10005,0)) | O55: =IF($J55="","",MATCH($L55,บันทึกรายเที่ยว!$S$6:$S$10005,0)) | P55: =IF($J55="","",IF(AND(OR($I$3="(ทั้งหมด)",INDEX(บันทึกรายเที่ยว!$C$6:$C$10005,$J55)=$I$3),OR($I$5="(ทั้งหมด)",INDEX(บันทึกรายเที่ยว!$D$6:$D$10005,$J55)=$I$5),OR($I$7="(ทั้งหมด)",INDEX(บันทึกรายเที่ยว!$F$6:$F$10005,$J55)=$I$7)),$N55*10000000+$O55*1000+48,"")) | Q55: =IFERROR(MATCH(SMALL($P$8:$P$407,48),$P$8:$P$407,0),"") | R55: =IF($Q55="","",INDEX($J$8:$J$407,$Q55)) | S55: =IF($Q55="","",INDEX($M$8:$M$407,$Q55)) | T55: =IF($Q55="","",INDEX($L$8:$L$407,$Q55)) | U55: =IF($Q55="","",INDEX($K$8:$K$407,$Q55)) | V55: =IF($Q55="",0,IF($S55<>$S54,1,0)) -> 0 | W55: =IF($Q55="",0,IF($T55<>$T54,1,0)) -> 0 | X55: =IF($Q55="",99999+48,$X54+1+$V54+$W54) -> 100047 | Y55: =IF($Q55="","",INDEX(บันทึกรายเที่ยว!$Q$6:$Q$10005,$R55)) | Z55: =IF($Q55="","",INDEX(บันทึกรายเที่ยว!$F$6:$F$10005,$R55)) | AA55: =IFERROR(MATCH(48,$X$8:$X$407,1),"") | AB55: =IF(48=$AD$1+1,"G",IF($AA55="","",IF(INDEX($Q$8:$Q$407,$AA55)="","",IF(48>INDEX($X$8:$X$407,$AA55)+INDEX($V$8:$V$407,$AA55)+INDEX($W$8:$W$407,$AA55),"",IF(48=INDEX($X$8:$X$407,$AA55)+INDEX($V$8:$V$407,$AA55)+INDEX($W$8:$W$407,$AA55),"D",IF(AND(INDEX($W$8:$W$407,$AA55)=1,48=INDEX($X$8:$X$407,$AA55)+INDEX($V$8:$V$407,$AA55)),"S","R")))))) | AC55: =IF(OR($AB55="",$AB55="G"),"",IF($AB55="D",INDEX($U$8:$U$407,$AA55),IF($AB55="S",INDEX($T$8:$T$407,$AA55)&"|*",INDEX($S$8:$S$407,$AA55)&"|*"))) | AE55: =IF($U55="",0,COUNTIF(บันทึกรายเที่ยว!$T$6:$T$10005,$U55)) -> 0 | AF55: =IF($U55="",0,ROUND(SUMIF(บันทึกรายเที่ยว!$T$6:$T$10005,$U55,บันทึกรายเที่ยว!$J$6:$J$10005),2)) -> 0 | AG55: =IF($U55="",0,ROUND(SUMIF(บันทึกรายเที่ยว!$T$6:$T$10005,$U55,บันทึกรายเที่ยว!$K$6:$K$10005),2)) -> 0 | AH55: =IF($U55="",0,ROUND(SUMIF(บันทึกรายเที่ยว!$T$6:$T$10005,$U55,บันทึกรายเที่ยว!$M$6:$M$10005),2)) -> 0
A56: =IF($AB56="G","ผลรวมทั้งหมด",IF($AB56="R",INDEX($S$8:$S$407,$AA56),"")) | B56: =IF($AB56="S",INDEX($Y$8:$Y$407,$AA56),"") | C56: =IF($AB56="D",INDEX($Z$8:$Z$407,$AA56),"") | D56: =IF($AB56="G",SUM($AE$8:$AE$407),IF(OR($AB56="",$AB56="R"),"",IF($AB56="D",INDEX($AE$8:$AE$407,$AA56),SUMIF($T$8:$T$407,INDEX($T$8:$T$407,$AA56),$AE$8:$AE$407)))) | E56: =IF(49=$AD$1+3,"ขอแสดงความนับถือ",IF(49=$AD$1+6,"( )",IF(49=$AD$1+7,"เจ้าหน้าที่ขนส่ง",IF($AB56="G",SUM($AF$8:$AF$407),IF(OR($AB56="",$AB56="R"),"",IF($AB56="D",INDEX($AF$8:$AF$407,$AA56),SUMIF($T$8:$T$407,INDEX($T$8:$T$407,$AA56),$AF$8:$AF$407))))))) | F56: =IF($AB56="G",SUM($AG$8:$AG$407),IF(OR($AB56="",$AB56="R"),"",IF($AB56="D",INDEX($AG$8:$AG$407,$AA56),SUMIF($T$8:$T$407,INDEX($T$8:$T$407,$AA56),$AG$8:$AG$407)))) | G56: =IF(OR($AB56="",$AB56="R"),"",ROUND($E56-$F56,2)) | H56: =IF($AB56="G",SUM($AH$8:$AH$407),IF(OR($AB56="",$AB56="R"),"",IF($AB56="D",INDEX($AH$8:$AH$407,$AA56),SUMIF($T$8:$T$407,INDEX($T$8:$T$407,$AA56),$AH$8:$AH$407)))) | J56: =IFERROR(MATCH(49,บันทึกรายเที่ยว!$W$6:$W$10005,0),"") | K56: =IF($J56="","",INDEX(บันทึกรายเที่ยว!$T$6:$T$10005,$J56)) | L56: =IF($J56="","",INDEX(บันทึกรายเที่ยว!$S$6:$S$10005,$J56)) | M56: =IF($J56="","",INDEX(บันทึกรายเที่ยว!$R$6:$R$10005,$J56)) | N56: =IF($J56="","",MATCH($M56,บันทึกรายเที่ยว!$R$6:$R$10005,0)) | O56: =IF($J56="","",MATCH($L56,บันทึกรายเที่ยว!$S$6:$S$10005,0)) | P56: =IF($J56="","",IF(AND(OR($I$3="(ทั้งหมด)",INDEX(บันทึกรายเที่ยว!$C$6:$C$10005,$J56)=$I$3),OR($I$5="(ทั้งหมด)",INDEX(บันทึกรายเที่ยว!$D$6:$D$10005,$J56)=$I$5),OR($I$7="(ทั้งหมด)",INDEX(บันทึกรายเที่ยว!$F$6:$F$10005,$J56)=$I$7)),$N56*10000000+$O56*1000+49,"")) | Q56: =IFERROR(MATCH(SMALL($P$8:$P$407,49),$P$8:$P$407,0),"") | R56: =IF($Q56="","",INDEX($J$8:$J$407,$Q56)) | S56: =IF($Q56="","",INDEX($M$8:$M$407,$Q56)) | T56: =IF($Q56="","",INDEX($L$8:$L$407,$Q56)) | U56: =IF($Q56="","",INDEX($K$8:$K$407,$Q56)) | V56: =IF($Q56="",0,IF($S56<>$S55,1,0)) -> 0 | W56: =IF($Q56="",0,IF($T56<>$T55,1,0)) -> 0 | X56: =IF($Q56="",99999+49,$X55+1+$V55+$W55) -> 100048 | Y56: =IF($Q56="","",INDEX(บันทึกรายเที่ยว!$Q$6:$Q$10005,$R56)) | Z56: =IF($Q56="","",INDEX(บันทึกรายเที่ยว!$F$6:$F$10005,$R56)) | AA56: =IFERROR(MATCH(49,$X$8:$X$407,1),"") | AB56: =IF(49=$AD$1+1,"G",IF($AA56="","",IF(INDEX($Q$8:$Q$407,$AA56)="","",IF(49>INDEX($X$8:$X$407,$AA56)+INDEX($V$8:$V$407,$AA56)+INDEX($W$8:$W$407,$AA56),"",IF(49=INDEX($X$8:$X$407,$AA56)+INDEX($V$8:$V$407,$AA56)+INDEX($W$8:$W$407,$AA56),"D",IF(AND(INDEX($W$8:$W$407,$AA56)=1,49=INDEX($X$8:$X$407,$AA56)+INDEX($V$8:$V$407,$AA56)),"S","R")))))) | AC56: =IF(OR($AB56="",$AB56="G"),"",IF($AB56="D",INDEX($U$8:$U$407,$AA56),IF($AB56="S",INDEX($T$8:$T$407,$AA56)&"|*",INDEX($S$8:$S$407,$AA56)&"|*"))) | AE56: =IF($U56="",0,COUNTIF(บันทึกรายเที่ยว!$T$6:$T$10005,$U56)) -> 0 | AF56: =IF($U56="",0,ROUND(SUMIF(บันทึกรายเที่ยว!$T$6:$T$10005,$U56,บันทึกรายเที่ยว!$J$6:$J$10005),2)) -> 0 | AG56: =IF($U56="",0,ROUND(SUMIF(บันทึกรายเที่ยว!$T$6:$T$10005,$U56,บันทึกรายเที่ยว!$K$6:$K$10005),2)) -> 0 | AH56: =IF($U56="",0,ROUND(SUMIF(บันทึกรายเที่ยว!$T$6:$T$10005,$U56,บันทึกรายเที่ยว!$M$6:$M$10005),2)) -> 0
A57: =IF($AB57="G","ผลรวมทั้งหมด",IF($AB57="R",INDEX($S$8:$S$407,$AA57),"")) | B57: =IF($AB57="S",INDEX($Y$8:$Y$407,$AA57),"") | C57: =IF($AB57="D",INDEX($Z$8:$Z$407,$AA57),"") | D57: =IF($AB57="G",SUM($AE$8:$AE$407),IF(OR($AB57="",$AB57="R"),"",IF($AB57="D",INDEX($AE$8:$AE$407,$AA57),SUMIF($T$8:$T$407,INDEX($T$8:$T$407,$AA57),$AE$8:$AE$407)))) | E57: =IF(50=$AD$1+3,"ขอแสดงความนับถือ",IF(50=$AD$1+6,"( )",IF(50=$AD$1+7,"เจ้าหน้าที่ขนส่ง",IF($AB57="G",SUM($AF$8:$AF$407),IF(OR($AB57="",$AB57="R"),"",IF($AB57="D",INDEX($AF$8:$AF$407,$AA57),SUMIF($T$8:$T$407,INDEX($T$8:$T$407,$AA57),$AF$8:$AF$407))))))) | F57: =IF($AB57="G",SUM($AG$8:$AG$407),IF(OR($AB57="",$AB57="R"),"",IF($AB57="D",INDEX($AG$8:$AG$407,$AA57),SUMIF($T$8:$T$407,INDEX($T$8:$T$407,$AA57),$AG$8:$AG$407)))) | G57: =IF(OR($AB57="",$AB57="R"),"",ROUND($E57-$F57,2)) | H57: =IF($AB57="G",SUM($AH$8:$AH$407),IF(OR($AB57="",$AB57="R"),"",IF($AB57="D",INDEX($AH$8:$AH$407,$AA57),SUMIF($T$8:$T$407,INDEX($T$8:$T$407,$AA57),$AH$8:$AH$407)))) | J57: =IFERROR(MATCH(50,บันทึกรายเที่ยว!$W$6:$W$10005,0),"") | K57: =IF($J57="","",INDEX(บันทึกรายเที่ยว!$T$6:$T$10005,$J57)) | L57: =IF($J57="","",INDEX(บันทึกรายเที่ยว!$S$6:$S$10005,$J57)) | M57: =IF($J57="","",INDEX(บันทึกรายเที่ยว!$R$6:$R$10005,$J57)) | N57: =IF($J57="","",MATCH($M57,บันทึกรายเที่ยว!$R$6:$R$10005,0)) | O57: =IF($J57="","",MATCH($L57,บันทึกรายเที่ยว!$S$6:$S$10005,0)) | P57: =IF($J57="","",IF(AND(OR($I$3="(ทั้งหมด)",INDEX(บันทึกรายเที่ยว!$C$6:$C$10005,$J57)=$I$3),OR($I$5="(ทั้งหมด)",INDEX(บันทึกรายเที่ยว!$D$6:$D$10005,$J57)=$I$5),OR($I$7="(ทั้งหมด)",INDEX(บันทึกรายเที่ยว!$F$6:$F$10005,$J57)=$I$7)),$N57*10000000+$O57*1000+50,"")) | Q57: =IFERROR(MATCH(SMALL($P$8:$P$407,50),$P$8:$P$407,0),"") | R57: =IF($Q57="","",INDEX($J$8:$J$407,$Q57)) | S57: =IF($Q57="","",INDEX($M$8:$M$407,$Q57)) | T57: =IF($Q57="","",INDEX($L$8:$L$407,$Q57)) | U57: =IF($Q57="","",INDEX($K$8:$K$407,$Q57)) | V57: =IF($Q57="",0,IF($S57<>$S56,1,0)) -> 0 | W57: =IF($Q57="",0,IF($T57<>$T56,1,0)) -> 0 | X57: =IF($Q57="",99999+50,$X56+1+$V56+$W56) -> 100049 | Y57: =IF($Q57="","",INDEX(บันทึกรายเที่ยว!$Q$6:$Q$10005,$R57)) | Z57: =IF($Q57="","",INDEX(บันทึกรายเที่ยว!$F$6:$F$10005,$R57)) | AA57: =IFERROR(MATCH(50,$X$8:$X$407,1),"") | AB57: =IF(50=$AD$1+1,"G",IF($AA57="","",IF(INDEX($Q$8:$Q$407,$AA57)="","",IF(50>INDEX($X$8:$X$407,$AA57)+INDEX($V$8:$V$407,$AA57)+INDEX($W$8:$W$407,$AA57),"",IF(50=INDEX($X$8:$X$407,$AA57)+INDEX($V$8:$V$407,$AA57)+INDEX($W$8:$W$407,$AA57),"D",IF(AND(INDEX($W$8:$W$407,$AA57)=1,50=INDEX($X$8:$X$407,$AA57)+INDEX($V$8:$V$407,$AA57)),"S","R")))))) | AC57: =IF(OR($AB57="",$AB57="G"),"",IF($AB57="D",INDEX($U$8:$U$407,$AA57),IF($AB57="S",INDEX($T$8:$T$407,$AA57)&"|*",INDEX($S$8:$S$407,$AA57)&"|*"))) | AE57: =IF($U57="",0,COUNTIF(บันทึกรายเที่ยว!$T$6:$T$10005,$U57)) -> 0 | AF57: =IF($U57="",0,ROUND(SUMIF(บันทึกรายเที่ยว!$T$6:$T$10005,$U57,บันทึกรายเที่ยว!$J$6:$J$10005),2)) -> 0 | AG57: =IF($U57="",0,ROUND(SUMIF(บันทึกรายเที่ยว!$T$6:$T$10005,$U57,บันทึกรายเที่ยว!$K$6:$K$10005),2)) -> 0 | AH57: =IF($U57="",0,ROUND(SUMIF(บันทึกรายเที่ยว!$T$6:$T$10005,$U57,บันทึกรายเที่ยว!$M$6:$M$10005),2)) -> 0
A58: =IF($AB58="G","ผลรวมทั้งหมด",IF($AB58="R",INDEX($S$8:$S$407,$AA58),"")) | B58: =IF($AB58="S",INDEX($Y$8:$Y$407,$AA58),"") | C58: =IF($AB58="D",INDEX($Z$8:$Z$407,$AA58),"") | D58: =IF($AB58="G",SUM($AE$8:$AE$407),IF(OR($AB58="",$AB58="R"),"",IF($AB58="D",INDEX($AE$8:$AE$407,$AA58),SUMIF($T$8:$T$407,INDEX($T$8:$T$407,$AA58),$AE$8:$AE$407)))) | E58: =IF(51=$AD$1+3,"ขอแสดงความนับถือ",IF(51=$AD$1+6,"( )",IF(51=$AD$1+7,"เจ้าหน้าที่ขนส่ง",IF($AB58="G",SUM($AF$8:$AF$407),IF(OR($AB58="",$AB58="R"),"",IF($AB58="D",INDEX($AF$8:$AF$407,$AA58),SUMIF($T$8:$T$407,INDEX($T$8:$T$407,$AA58),$AF$8:$AF$407))))))) | F58: =IF($AB58="G",SUM($AG$8:$AG$407),IF(OR($AB58="",$AB58="R"),"",IF($AB58="D",INDEX($AG$8:$AG$407,$AA58),SUMIF($T$8:$T$407,INDEX($T$8:$T$407,$AA58),$AG$8:$AG$407)))) | G58: =IF(OR($AB58="",$AB58="R"),"",ROUND($E58-$F58,2)) | H58: =IF($AB58="G",SUM($AH$8:$AH$407),IF(OR($AB58="",$AB58="R"),"",IF($AB58="D",INDEX($AH$8:$AH$407,$AA58),SUMIF($T$8:$T$407,INDEX($T$8:$T$407,$AA58),$AH$8:$AH$407)))) | J58: =IFERROR(MATCH(51,บันทึกรายเที่ยว!$W$6:$W$10005,0),"") | K58: =IF($J58="","",INDEX(บันทึกรายเที่ยว!$T$6:$T$10005,$J58)) | L58: =IF($J58="","",INDEX(บันทึกรายเที่ยว!$S$6:$S$10005,$J58)) | M58: =IF($J58="","",INDEX(บันทึกรายเที่ยว!$R$6:$R$10005,$J58)) | N58: =IF($J58="","",MATCH($M58,บันทึกรายเที่ยว!$R$6:$R$10005,0)) | O58: =IF($J58="","",MATCH($L58,บันทึกรายเที่ยว!$S$6:$S$10005,0)) | P58: =IF($J58="","",IF(AND(OR($I$3="(ทั้งหมด)",INDEX(บันทึกรายเที่ยว!$C$6:$C$10005,$J58)=$I$3),OR($I$5="(ทั้งหมด)",INDEX(บันทึกรายเที่ยว!$D$6:$D$10005,$J58)=$I$5),OR($I$7="(ทั้งหมด)",INDEX(บันทึกรายเที่ยว!$F$6:$F$10005,$J58)=$I$7)),$N58*10000000+$O58*1000+51,"")) | Q58: =IFERROR(MATCH(SMALL($P$8:$P$407,51),$P$8:$P$407,0),"") | R58: =IF($Q58="","",INDEX($J$8:$J$407,$Q58)) | S58: =IF($Q58="","",INDEX($M$8:$M$407,$Q58)) | T58: =IF($Q58="","",INDEX($L$8:$L$407,$Q58)) | U58: =IF($Q58="","",INDEX($K$8:$K$407,$Q58)) | V58: =IF($Q58="",0,IF($S58<>$S57,1,0)) -> 0 | W58: =IF($Q58="",0,IF($T58<>$T57,1,0)) -> 0 | X58: =IF($Q58="",99999+51,$X57+1+$V57+$W57) -> 100050 | Y58: =IF($Q58="","",INDEX(บันทึกรายเที่ยว!$Q$6:$Q$10005,$R58)) | Z58: =IF($Q58="","",INDEX(บันทึกรายเที่ยว!$F$6:$F$10005,$R58)) | AA58: =IFERROR(MATCH(51,$X$8:$X$407,1),"") | AB58: =IF(51=$AD$1+1,"G",IF($AA58="","",IF(INDEX($Q$8:$Q$407,$AA58)="","",IF(51>INDEX($X$8:$X$407,$AA58)+INDEX($V$8:$V$407,$AA58)+INDEX($W$8:$W$407,$AA58),"",IF(51=INDEX($X$8:$X$407,$AA58)+INDEX($V$8:$V$407,$AA58)+INDEX($W$8:$W$407,$AA58),"D",IF(AND(INDEX($W$8:$W$407,$AA58)=1,51=INDEX($X$8:$X$407,$AA58)+INDEX($V$8:$V$407,$AA58)),"S","R")))))) | AC58: =IF(OR($AB58="",$AB58="G"),"",IF($AB58="D",INDEX($U$8:$U$407,$AA58),IF($AB58="S",INDEX($T$8:$T$407,$AA58)&"|*",INDEX($S$8:$S$407,$AA58)&"|*"))) | AE58: =IF($U58="",0,COUNTIF(บันทึกรายเที่ยว!$T$6:$T$10005,$U58)) -> 0 | AF58: =IF($U58="",0,ROUND(SUMIF(บันทึกรายเที่ยว!$T$6:$T$10005,$U58,บันทึกรายเที่ยว!$J$6:$J$10005),2)) -> 0 | AG58: =IF($U58="",0,ROUND(SUMIF(บันทึกรายเที่ยว!$T$6:$T$10005,$U58,บันทึกรายเที่ยว!$K$6:$K$10005),2)) -> 0 | AH58: =IF($U58="",0,ROUND(SUMIF(บันทึกรายเที่ยว!$T$6:$T$10005,$U58,บันทึกรายเที่ยว!$M$6:$M$10005),2)) -> 0
A59: =IF($AB59="G","ผลรวมทั้งหมด",IF($AB59="R",INDEX($S$8:$S$407,$AA59),"")) | B59: =IF($AB59="S",INDEX($Y$8:$Y$407,$AA59),"") | C59: =IF($AB59="D",INDEX($Z$8:$Z$407,$AA59),"") | D59: =IF($AB59="G",SUM($AE$8:$AE$407),IF(OR($AB59="",$AB59="R"),"",IF($AB59="D",INDEX($AE$8:$AE$407,$AA59),SUMIF($T$8:$T$407,INDEX($T$8:$T$407,$AA59),$AE$8:$AE$407)))) | E59: =IF(52=$AD$1+3,"ขอแสดงความนับถือ",IF(52=$AD$1+6,"( )",IF(52=$AD$1+7,"เจ้าหน้าที่ขนส่ง",IF($AB59="G",SUM($AF$8:$AF$407),IF(OR($AB59="",$AB59="R"),"",IF($AB59="D",INDEX($AF$8:$AF$407,$AA59),SUMIF($T$8:$T$407,INDEX($T$8:$T$407,$AA59),$AF$8:$AF$407))))))) | F59: =IF($AB59="G",SUM($AG$8:$AG$407),IF(OR($AB59="",$AB59="R"),"",IF($AB59="D",INDEX($AG$8:$AG$407,$AA59),SUMIF($T$8:$T$407,INDEX($T$8:$T$407,$AA59),$AG$8:$AG$407)))) | G59: =IF(OR($AB59="",$AB59="R"),"",ROUND($E59-$F59,2)) | H59: =IF($AB59="G",SUM($AH$8:$AH$407),IF(OR($AB59="",$AB59="R"),"",IF($AB59="D",INDEX($AH$8:$AH$407,$AA59),SUMIF($T$8:$T$407,INDEX($T$8:$T$407,$AA59),$AH$8:$AH$407)))) | J59: =IFERROR(MATCH(52,บันทึกรายเที่ยว!$W$6:$W$10005,0),"") | K59: =IF($J59="","",INDEX(บันทึกรายเที่ยว!$T$6:$T$10005,$J59)) | L59: =IF($J59="","",INDEX(บันทึกรายเที่ยว!$S$6:$S$10005,$J59)) | M59: =IF($J59="","",INDEX(บันทึกรายเที่ยว!$R$6:$R$10005,$J59)) | N59: =IF($J59="","",MATCH($M59,บันทึกรายเที่ยว!$R$6:$R$10005,0)) | O59: =IF($J59="","",MATCH($L59,บันทึกรายเที่ยว!$S$6:$S$10005,0)) | P59: =IF($J59="","",IF(AND(OR($I$3="(ทั้งหมด)",INDEX(บันทึกรายเที่ยว!$C$6:$C$10005,$J59)=$I$3),OR($I$5="(ทั้งหมด)",INDEX(บันทึกรายเที่ยว!$D$6:$D$10005,$J59)=$I$5),OR($I$7="(ทั้งหมด)",INDEX(บันทึกรายเที่ยว!$F$6:$F$10005,$J59)=$I$7)),$N59*10000000+$O59*1000+52,"")) | Q59: =IFERROR(MATCH(SMALL($P$8:$P$407,52),$P$8:$P$407,0),"") | R59: =IF($Q59="","",INDEX($J$8:$J$407,$Q59)) | S59: =IF($Q59="","",INDEX($M$8:$M$407,$Q59)) | T59: =IF($Q59="","",INDEX($L$8:$L$407,$Q59)) | U59: =IF($Q59="","",INDEX($K$8:$K$407,$Q59)) | V59: =IF($Q59="",0,IF($S59<>$S58,1,0)) -> 0 | W59: =IF($Q59="",0,IF($T59<>$T58,1,0)) -> 0 | X59: =IF($Q59="",99999+52,$X58+1+$V58+$W58) -> 100051 | Y59: =IF($Q59="","",INDEX(บันทึกรายเที่ยว!$Q$6:$Q$10005,$R59)) | Z59: =IF($Q59="","",INDEX(บันทึกรายเที่ยว!$F$6:$F$10005,$R59)) | AA59: =IFERROR(MATCH(52,$X$8:$X$407,1),"") | AB59: =IF(52=$AD$1+1,"G",IF($AA59="","",IF(INDEX($Q$8:$Q$407,$AA59)="","",IF(52>INDEX($X$8:$X$407,$AA59)+INDEX($V$8:$V$407,$AA59)+INDEX($W$8:$W$407,$AA59),"",IF(52=INDEX($X$8:$X$407,$AA59)+INDEX($V$8:$V$407,$AA59)+INDEX($W$8:$W$407,$AA59),"D",IF(AND(INDEX($W$8:$W$407,$AA59)=1,52=INDEX($X$8:$X$407,$AA59)+INDEX($V$8:$V$407,$AA59)),"S","R")))))) | AC59: =IF(OR($AB59="",$AB59="G"),"",IF($AB59="D",INDEX($U$8:$U$407,$AA59),IF($AB59="S",INDEX($T$8:$T$407,$AA59)&"|*",INDEX($S$8:$S$407,$AA59)&"|*"))) | AE59: =IF($U59="",0,COUNTIF(บันทึกรายเที่ยว!$T$6:$T$10005,$U59)) -> 0 | AF59: =IF($U59="",0,ROUND(SUMIF(บันทึกรายเที่ยว!$T$6:$T$10005,$U59,บันทึกรายเที่ยว!$J$6:$J$10005),2)) -> 0 | AG59: =IF($U59="",0,ROUND(SUMIF(บันทึกรายเที่ยว!$T$6:$T$10005,$U59,บันทึกรายเที่ยว!$K$6:$K$10005),2)) -> 0 | AH59: =IF($U59="",0,ROUND(SUMIF(บันทึกรายเที่ยว!$T$6:$T$10005,$U59,บันทึกรายเที่ยว!$M$6:$M$10005),2)) -> 0
